timestamp,temp_mean,temp_err,hum_mean,hum_err,press_mean,press_err,alt_mean,alt_err,voc_mean,voc_err
1776297925.658682,34.44513671875,0.02060546874999858,29.2306930399611,0.6556159591828141,1010.3030185555548,0.007649833839536768,24.564576649263138,0.0638404807524946,56276.0,13050.0
1776297927.6841047,34.56662109375,0.03251953124999929,29.758529400107772,0.07806264923982908,1010.3189884886199,0.0009408028150232894,24.43130275392523,0.007851220894112387,57938.5,3404.5
1776297929.7093875,34.6848828125,0.0263671875,29.42875502479187,0.07847467597609814,1010.3251897892101,0.0021976911336309968,24.379551582902643,0.018340158557686337,69044.0,2584.0
1776297931.7483373,34.7782421875,0.0205078125,29.09180588648482,0.07884377289095745,1010.3333175900434,0.0004471678416280156,24.311723714712585,0.003731678019187612,75845.0,878.0
1776297933.775452,34.849628906250004,0.01650390624999787,28.72861374802411,0.08734814602942009,1010.3438412760001,0.003489741358350784,24.22390249771447,0.029122132849279225,80625.0,1286.0
1776297935.7981772,34.908222656250004,0.01240234375000071,28.35681351615803,0.09857441917670684,1010.3490673889386,0.003278719462855406,24.180290310564267,0.02736102595138412,85449.0,1197.0
1776297937.837099,34.951289062499995,0.01054687499999929,28.014905102435314,0.0791856477986208,1010.3409790702669,0.0028251922228719195,24.247787815758258,0.02357647845996702,88122.0,878.0
1776297939.85819,34.99298828125,0.007714843750001421,27.728753759821615,0.06549955970243992,1010.3517257459388,0.003052038051237105,24.158106249395374,0.025469307564817356,93272.0,2908.0
1776297941.8688655,35.001875,0.0070312500000007105,27.473378078425544,0.05837741344792846,1010.3514353700327,0.0010453385962705397,24.16052941387608,0.008723369748999232,97398.5,53.5
1776297943.8943021,34.97921875,0.0007812499999992895,27.259751522220135,0.03290335687081125,1010.3439636091567,0.002228065025747128,24.222881594995037,0.01859335482285296,99901.0,28.0
1776297945.9231322,34.98078125,0.004296875000001421,27.15277060205012,0.01408558842144636,1010.322804465856,0.01148134088310826,24.399458012401148,0.09581419861897089,103286.0,392.0
1776297947.9534218,34.960078124999995,0.005468750000002132,27.148295915374263,0.005033737453155496,1010.27459863735,0.011655344351822805,24.80175355015654,0.0972700519720533,103770.0,274.0
1776297949.9579248,34.945917968749995,0.0010742187500021316,27.24048102606334,0.03836588759352111,1010.218723102261,0.01583625974961933,25.268075455307613,0.1321679350022258,106040.5,190.5
1776297952.0050232,34.961640625,0.0048828125,27.38470674332872,0.01690890396514355,1010.1664112514496,0.010409568482259601,25.704673920695964,0.08688092268275582,107556.0,229.0
1776297954.0274396,34.9821484375,0.00390625,27.35343694257459,0.016167045771100064,1010.1422048976203,0.008504237382112478,25.906708184373592,0.07097991888577049,110720.5,242.5
1776297956.0636394,34.98751953125,0.001855468750001421,27.227481552425893,0.033117246316171745,1010.1018305873306,0.012729301142826444,26.243694802497068,0.10624750506368663,112696.5,394.5
1776297958.1070886,34.96955078125,0.006738281250001421,27.0777333035686,0.03348748467885976,1010.0440750347342,0.015504422260505635,26.725773801828936,0.129416566819204,114891.5,186.5
1776297960.1252759,34.95431640625,0.001855468750001421,26.93934607978899,0.04401140252275759,1009.987312860622,0.01448668038563028,27.19958257271226,0.12092690222434932,116981.0,232.0
1776297962.142385,34.936542968750004,0.0051757812499992895,26.737925604540113,0.0524315663788677,1009.9193344527695,0.014685572230177968,27.767044706864667,0.12259382394583795,118672.0,677.0
1776297964.1700673,34.90353515625,0.01396484374999929,26.491834031930892,0.050320415494025994,1009.8825004846631,0.008078501715999664,28.07453536619053,0.06744059065322539,119524.0,1292.0
1776297966.1905937,34.834492187500004,0.02187499999999787,26.286919598047234,0.042692460471512206,1009.8451464192606,0.007938492164214495,28.386377584856895,0.06627375398940671,122109.5,210.5
1776297968.217535,34.736347656250004,0.02548828125000213,26.123596753202328,0.03474534127529516,1009.824828055412,0.004237458251964199,28.556004762270824,0.03537659736143972,123649.0,648.0
1776297970.222436,34.645136718749995,0.02021484375000071,26.012785799216445,0.023395367724562632,1009.8088767812867,5.5497842538443365e-05,28.689175432688607,0.0004633319843740935,124780.0,308.0
1776297972.2969213,34.570917968749995,0.01884765624999929,25.946977495260697,0.017828513971165805,1009.8059783500937,0.0005462692984110618,28.713373445272474,0.004560621002561049,126070.5,359.5
1776297974.319153,34.502265625,0.012109375000001421,25.903412583162158,0.0009684220369923224,1009.7999379103753,0.0024018696214511692,28.76380321141808,0.020052509142487907,127248.5,274.5
1776297976.350999,34.473359375,0.002343750000001421,25.982676074309992,0.02701086155012078,1009.7944297325871,0.0003518026553024356,28.809789464375797,0.002937110763047812,129162.0,1085.0
1776297978.37559,34.476582031250004,0.0036132812500007105,26.1189970862972,0.032961477546713525,1009.790960563148,0.0006886952279501202,28.838752717878204,0.005749757040707237,128918.0,94.0
1776297980.3886213,34.494257812499995,0.0046874999999992895,26.256620233001314,0.033082967506855354,1009.786731637941,0.001053747707032926,28.87405909751686,0.008797525519725014,129961.0,382.0
1776297982.4028995,34.521992187500004,0.00859374999999929,26.4279511111584,0.04435986459982111,1009.7929399326406,0.002752242708254471,28.822227457047184,0.02297780081794265,130247.0,0.0
1776297984.4420888,34.559687499999995,0.01152343749999929,26.627646658337206,0.03920402674290813,1009.8032725056196,0.0014327133895335464,28.73596367279137,0.011961274361631524,131753.5,637.5
1776297986.4604208,34.6028515625,0.010937499999997158,26.967824109791838,0.13514992707021278,1009.7997749332162,0.0004143109472920514,28.765163841551555,0.0034589617481817214,131119.5,680.5
1776297988.4976923,34.64103515625,0.008886718749998579,27.404525907271328,0.09693677882470553,1009.8047502780821,0.0014740604275971236,28.72362622208367,0.01230645322135615,130876.5,629.5
1776297990.5080712,34.67072265625,0.006542968749997158,27.93298797980279,0.14400589381069118,1009.8115267758765,0.0023915450798881466,28.667051601745136,0.019966127020223823,130830.5,870.5
1776297992.547305,34.70783203125,0.011621093750001421,28.339447279716126,0.03973691806518076,1009.8032965303339,0.005443507907443745,28.73576319030549,0.04544613793183849,132505.5,1389.5
1776297994.590171,34.751875,0.00800781250000071,28.387527034674164,0.010377395604434625,1009.8064911273519,0.003535925329174461,28.70909247992235,0.029520254466593343,134047.0,51.0
1776297996.605083,34.787617187500004,0.007226562499997868,28.30207731625721,0.032571243112879955,1009.8065381779395,0.0031256514677693303,28.708699661208883,0.026095014635673763,134715.5,820.5
1776297998.6258166,34.815546874999995,0.010351562500002132,28.12479109337906,0.0681869865712148,1009.8165505130535,0.003882489002364764,28.6251103903743,0.03241333687444481,135131.5,1135.5
1776298000.6572409,34.857050781249995,0.009863281250002132,27.88262523951086,0.05984887329154098,1009.8172967341432,0.003076618067382242,28.618880474157812,0.025685429660441628,136321.0,368.0
1776298002.6880598,34.89884765625,0.01240234375000071,27.596798307112252,0.07329285740274649,1009.806212427043,0.00022757461391620382,28.71141921389563,0.0018999445375005308,135901.0,157.0
1776298004.758944,34.94806640625,0.011621093750001421,27.372571420389143,0.043013357190000434,1009.7994408801255,0.006337323542027207,28.767952887995897,0.05290848752872712,137279.5,1012.5
1776298006.7500377,34.9860546875,0.0056640624999992895,27.246584449665622,0.013261527060869582,1009.7934879825482,0.0014236935477924817,28.8176519049265,0.011886063787132528,138137.0,1025.0
1776298008.7823503,35.013203125,0.005859375,27.24336384349374,0.008732625675188288,1009.7925194943533,0.005288116737347082,28.825737662253374,0.04414920736875594,138888.5,54.5
1776298010.794808,35.048359375000004,0.010156249999997868,27.326012683435536,0.028343713454715314,1009.7827656674502,0.000845429168634837,28.90717023071411,0.0070583388125093904,139491.0,0.0
1776298012.854111,35.096015625,0.0126953125,27.462053668968426,0.04510224977546429,1009.7883295060044,0.0006989782150981227,28.86071882815672,0.005835619631982425,139162.0,0.0
1776298014.8606231,35.14396484375,0.010644531250001421,27.60653022079614,0.02569726480958323,1009.7926082637903,0.005230662526116703,28.824996545700323,0.04366953295273035,140322.0,278.0
1776298016.8843553,35.19083984375,0.01240234375000071,27.59672735596323,0.02098896826980834,1009.7995035737223,0.00066831138769885,28.767429344308614,0.0055795388553328,141500.5,339.5
1776298018.9252787,35.23849609375,0.010644531250001421,27.48509143359064,0.037644937479514695,1009.8076774396202,4.953262924800583e-05,28.699188319608325,0.0004135309125299358,141783.5,56.5
1776298020.9321406,35.2801953125,0.01093750000000071,27.3867707832189,0.023841999369295763,1009.8139424902206,0.0013107442820796678,28.646883700599584,0.01094289894752265,142068.0,114.0
1776298022.9799385,35.3235546875,0.009765625,27.379417601406878,0.009077899929552657,1009.8123810408101,0.0015016294065048896,28.65991965001644,0.012536540993163925,142526.0,115.0
1776298024.9899507,35.35763671875,0.01025390625,27.382289990119745,0.0036162920281288535,1009.8148779094437,0.0019400375658733537,28.63907425572372,0.016196613941865223,142527.0,345.0
1776298027.0555792,35.398359375,0.006250000000001421,27.396732519081798,0.0022251332888743036,1009.828309763479,0.001499891638502504,28.52693756492777,0.012521873090586055,142526.0,115.0
1776298029.037687,35.425703125,0.006445312499998579,27.432074644510703,0.008804048694830868,1009.826733240203,0.0009412242836788209,28.540099202410858,0.007857838276180473,143743.5,408.5
1776298031.1040618,35.461933593750004,0.009863281250002132,27.437888518055807,0.0008334456375767019,1009.8292354034819,0.00041248910258673277,28.51920983814564,0.003443670347881067,143861.5,526.5
1776298033.130705,35.4846875,0.004101562499997158,27.40126631786308,0.021677388662350694,1009.8280083652987,0.002041379006527677,28.529453799931765,0.01704249451593043,144447.0,59.0
1776298035.1610348,35.4958203125,0.005273437500001421,27.341651001969414,0.01056312779510904,1009.8252321035047,0.0018708658226955777,28.552631502039183,0.015618996472108293,144451.0,767.0
1776298037.1876307,35.52072265625,0.006933593749998579,27.302474573457687,0.007670157841284109,1009.8249005565663,1.6795536396330135e-05,28.555399423272068,0.00014021822992660304,145102.0,714.0
1776298039.2070005,35.547480468749995,0.004980468750002132,27.24145894336445,0.021583433424567033,1009.8153044932887,0.002354881735584513,28.63551288081736,0.01965997873990233,145576.0,0.0
1776298041.2230482,35.55119140625,0.002832031250001421,27.211519657973113,0.002987433297723996,1009.8266959489895,0.0041338930230381266,28.54041058342751,0.03451192702916117,145696.0,120.0
1776298043.2454257,35.53537109375,0.0032226562499992895,27.105753993543708,0.04697824374719595,1009.8287929448006,2.9173617292599374e-05,28.522903709978333,0.00024355638911188748,147089.5,61.5
1776298045.259115,35.51828125,0.005273437500001421,26.91487765331822,0.04982689737374102,1009.8402350327399,0.0027511619211395555,28.427379727690713,0.02296790657294956,148323.5,310.5
1776298047.3171246,35.4925,0.0068359375,26.657820767451746,0.07998611259551502,1009.8435167389335,0.0036956816813926707,28.399982661225366,0.03085309068144504,150212.5,63.5
1776298049.3438368,35.471308593749995,0.003027343750002131,26.38247575309857,0.06857919858541095,1009.8481980219716,0.0014679655814688886,28.36090139456094,0.0122551423814663,150276.5,127.5
1776298051.3686285,35.458515625000004,0.003320312499997868,26.14929092315324,0.043928332914703105,1009.8464782177471,0.00019125735593661375,28.375258985793806,0.0015966923123205135,150660.5,256.5
1776298053.402917,35.439570312499995,0.005468750000002132,26.063187834882186,0.0031690819678047433,1009.8513370770835,0.002851141077940156,28.33469540576644,0.023802364549945665,150917.5,128.5
1776298055.408822,35.407343749999995,0.007226562499997868,26.046949981108312,0.006036703852885239,1009.8431108317491,0.001349289013944599,28.403371304475698,0.011264430610735232,151694.0,130.0
1776298057.4404507,35.377265625,0.010937499999997158,25.987282425681997,0.014507255552308251,1009.8436978309991,0.0013066002740060867,28.398470789309734,0.010908041969653226,152610.0,0.0
1776298059.4728634,35.349140625000004,0.0060546875000007105,25.903292110646362,0.014103223850398194,1009.840462161475,0.0005796597600351561,28.42548353334051,0.004839253076433181,152874.5,264.5
1776298061.5043423,35.310664062499995,0.010351562500002132,25.872971743395905,0.008998557791503714,1009.8395174243403,0.0003443123518422908,28.433370614194082,0.0028744722050522142,153605.5,466.5
1776298063.5259783,35.27580078125,0.00537109375,25.8266244051783,0.014037461721951416,1009.8383635925618,0.0026934911610965173,28.443003341918292,0.022486479511917068,154279.0,875.0
1776298065.532191,35.25265625,0.01347656249999929,25.77035534190695,0.009238415209066986,1009.8371654770247,0.00021941851059636974,28.45300573169227,0.0018318064865177064,154882.5,271.5
1776298067.5770552,35.1926953125,0.01601562500000142,25.724770978015332,0.012154354824350122,1009.8324594958965,0.0017486496861351952,28.492293507418772,0.014598585675843267,155087.0,476.0
1776298069.5868027,35.13498046875,0.010839843749998579,25.69841742124403,0.0063005191504288405,1009.8358364768524,0.004997968769657746,28.46410092478706,0.04172538291128802,155770.0,480.0
1776298071.604512,35.10568359375,0.003808593750001421,25.73957693181108,0.02688337307983879,1009.8570179288861,0.005153553415084389,28.287269754757233,0.04302354566804567,154140.0,336.0
1776298073.6324708,35.1028515625,0.002539062499998579,25.989721892265763,0.0873589056824855,1009.8602639037714,0.0006675503475435107,28.260171245019706,0.00557291363804957,154612.5,405.5
1776298075.6912403,35.114765625000004,0.0037109374999992895,26.364317246394073,0.08496031619998234,1009.8614345277081,0.00171947267978112,28.250398532810465,0.014354668214638266,154275.0,471.0
1776298077.6904817,35.09796875,0.0126953125,26.480398184014653,0.028368888373579537,1009.8574917224555,0.0036960367662572935,28.28331432900771,0.03085570933201076,155564.0,410.0
1776298079.704448,35.0684765625,0.005859375,26.34686936053344,0.02231951076895378,1009.8827402519605,0.006168458526019549,28.07253366056503,0.05149524269061345,156319.0,69.0
1776298081.7770982,35.059199218749995,0.0022460937499992895,26.23421814805006,0.01927868846374281,1009.8929463634079,0.000693936893924274,27.987331691726084,0.005793044761199795,157152.5,69.5
1776298083.7553277,35.013789062499995,0.03242187500000071,26.099677358934557,0.05439674235853609,1009.9042542218822,0.0033310806921349467,27.892933181900474,0.02780789546336493,158642.5,1280.5
1776298085.8134966,34.905,0.02226562499999929,25.93296429544327,0.04260707743900305,1009.8866725158022,0.002424739753337235,28.03970645991176,0.02024203743405195,158209.5,707.5
1776298087.8105483,34.836054687499995,0.01640624999999929,25.81048069175273,0.028496512997605805,1009.8776051618833,0.00243899220208732,28.115402164961303,0.020361166722389967,159219.0,1576.0
1776298089.8737452,34.810175781249995,0.00029296874999928946,25.724165317147133,0.013607132409964251,1009.8709740531422,0.0003958485410180401,28.170760038665982,0.003304635818919266,159564.0,504.0
1776298091.8921402,34.787128906250004,0.007714843749997868,25.64628629881597,0.014188341248701164,1009.8734032023583,0.003052627114186634,28.15048098563703,0.025483992513422038,158920.5,713.5
1776298093.9288938,34.74435546875,0.01337890625000071,25.59403084146969,0.0037743703611532453,1009.8679103504287,9.003286214692707e-05,28.19633657341122,0.0007516171488468615,160074.0,1014.0
1776298095.9607291,34.70529296875,0.00908203124999929,25.585507738081454,0.0019939297242270726,1009.8650144645658,0.0017204140220314912,28.220512200418607,0.014362485593149898,159204.0,287.0
1776298097.98248,34.66193359375,0.010449218749997158,25.563083188804544,0.011678139694129896,1009.8673276493405,0.0005359979602985732,28.201201111837555,0.004474648895428146,160504.0,0.0
1776298099.9927433,34.6159375,0.015625,25.51876262275612,0.009369432377129172,1009.8626477515752,0.0011658886051009176,28.24027017950234,0.009733174604681594,161308.5,73.5
1776298102.0346298,34.5477734375,0.01621093749999858,25.491690607315746,0.0014316907458518102,1009.8635693319306,0.0030154817384868693,28.232576589411806,0.025174093361698624,161383.5,441.5
1776298104.0556643,34.485859375000004,0.01933593749999929,25.48680689680767,0.001185507639958061,1009.8642365351842,0.0014887475622344937,28.22700656665628,0.012428478540229548,161089.5,440.5
1776298106.0603552,34.41857421875,0.02001953125,25.50318260587931,0.0065517798717085185,1009.8727155170553,0.0003548465767835296,28.15622190235309,0.0029623377351715163,162345.5,74.5
1776298108.1182356,34.3704296875,0.006445312499998579,25.556305855504576,0.010334884914557918,1009.8758607235168,0.001663696490595612,28.129965064861153,0.013888871382741641,162196.5,223.5
1776298110.1235995,34.35587890625,0.00146484375,25.641935581779062,0.032434950932877626,1009.8746926418694,0.0024164365622141304,28.13971645915542,0.020172915098708444,161975.0,445.0
1776298112.1409984,34.328730468749995,0.01103515624999929,25.786328793151604,0.020843768364558812,1009.8650366931358,0.0023963377273048536,28.220326639566892,0.020005280723761842,162197.5,520.5
1776298114.1671152,34.297871093750004,0.0026367187500007105,25.873497245967656,0.013373416530436444,1009.8624293898105,0.005228021414154682,28.242093213631765,0.043645039454357715,162271.0,298.0
1776298116.1803849,34.292109374999995,0.0007812499999992895,25.973594366199762,0.027124218130085254,1009.8599495250868,0.00041068028315294214,28.26279577344328,0.0034284849617094437,162048.5,371.5
1776298118.2253933,34.281171875,0.004492187499998579,26.067900572921452,0.01868240978168778,1009.8621031572982,0.0013705444270613043,28.244816612452766,0.01144170547693868,161825.0,148.0
1776298120.2444646,34.2692578125,0.001367187500001421,26.154023541029208,0.024388390731338916,1009.8644014401934,0.0021351323260319077,28.22562990172431,0.01782467589364778,162047.5,74.5
1776298122.2617953,34.267695312499995,0.0007812499999992895,26.251924693106613,0.019004505158267904,1009.8644580765082,0.0012888932801615738,28.22515707640016,0.010760037517519194,161900.5,370.5
1776298124.3007605,34.265644531250004,0.004003906250002132,26.303523457957887,0.021475501223349625,1009.8698560278303,0.0004194394165324411,28.180093578619804,0.00350158108332721,161973.0,0.0
1776298126.3586135,34.214765625,0.011328124999998579,26.31302972645046,0.0036414402449924665,1009.846503264099,0.009031135289490066,28.37505016176226,0.0753955001602229,162495.0,373.0
1776298128.3521738,34.17794921875,0.0075195312500007105,26.3018776339993,0.0006080785022888335,1009.834930491344,0.002748450384615353,28.471664460338978,0.02294536706792627,162793.0,75.0
1776298130.359007,34.1458203125,0.008398437499998579,26.3020040245007,0.002045211287569515,1009.8284531303273,0.001565595981730894,28.525740664886065,0.01307040551166061,163244.0,75.0
1776298132.4357872,34.09103515625,0.01669921874999858,26.311195494956706,0.004098112222253647,1009.8197039100965,0.00209585008576596,28.598783946136706,0.01749736394680035,163697.5,75.5
1776298134.4130704,34.0208203125,0.015820312499997158,26.36545415583141,0.025966885591135025,1009.82498258789,0.0011049078723885941,28.554714585485087,0.009224368419046058,164383.5,458.5
1776298136.483276,33.973261718749995,0.00849609375000071,26.421553512902555,0.010213482912611482,1009.8228647555677,0.0017780990311848655,28.572395416479374,0.01484455746251534,164458.5,76.5
1776298138.5143383,33.958515625,0.0009765625,26.44761531188581,0.0053727774636023184,1009.8178391615666,0.003367096648560164,28.614351976041068,0.028110504656918778,164691.5,766.5
1776298140.5012279,33.94513671875,0.007714843750001421,26.490151300971405,0.010280237124561609,1009.8159465660331,0.0030775456718288297,28.630152483256616,0.025693201669012566,165383.0,541.0
1776298142.5346086,33.922968749999995,0.007226562499997868,26.537438223699084,0.01577736546084374,1009.8127131181666,0.0022723209502260033,28.657147270761676,0.018970750728803054,164995.5,153.5
1776298144.5536811,33.89962890625,0.002050781249998579,26.551904258790252,0.005622304845489978,1009.8128094643682,0.002758781674231159,28.656342920875474,0.02303202609276056,165227.5,385.5
1776298146.5866444,33.897480468750004,0.0020507812500021316,26.513547218201325,0.010741089316720576,1009.8154070587784,0.0001258297580193357,28.634656583526645,0.0010505029311680403,165614.0,310.0
1776298148.6158383,33.8817578125,0.01835937499999929,26.509542430875626,0.004218744055064505,1009.8157853476986,0.00046294274341107666,28.631498399950235,0.003864924869784403,165304.0,309.0
1776298150.6766453,33.8329296875,0.0056640624999992895,26.532842439790834,0.013174304076455812,1009.8176862733864,0.0023286292714601586,28.615628356835728,0.019440770147101105,166081.0,468.0
1776298152.6855297,33.8524609375,0.011132812500001421,26.56443161697039,0.006361502679508746,1009.8148210852494,0.000931497988801766,28.63954864898453,0.007776712299927269,166317.0,704.0
1776298154.6935525,33.90265625,0.013867187499997158,26.587615977594886,0.009315128494808533,1009.8142950328445,0.004456458740094149,28.64394051921431,0.03720524631459732,165613.0,0.0
1776298156.715042,33.9481640625,0.008203125000001421,26.63772157649496,0.017047468509796104,1009.8270867054432,0.0030057251495918536,28.537148315276767,0.025093376620498375,165072.0,77.0
1776298158.7461035,33.96037109375,0.0008789062500014211,26.690591110327468,0.0026588510329919046,1009.8296785359541,0.0014505038317906838,28.515510348381206,0.012109544780500414,165615.5,620.5
1776298160.76866,33.93341796875,0.018261718749997158,26.658357325700777,0.023331257621311607,1009.8203033774981,0.0020529981263734953,28.593779247516167,0.017139602865595904,166316.0,547.0
1776298162.8109148,33.866718750000004,0.012109374999997868,26.595601239968936,0.009171798498465833,1009.8129040521306,0.005067543021141319,28.655553303886744,0.042306999252812005,167024.5,788.5
1776298164.8312638,33.82599609375,0.005957031249998579,26.567732589708584,0.000484836592265836,1009.8158947077768,0.00017971434152741494,28.63058539557728,0.0015003634412380507,167657.5,794.5
1776298166.856262,33.81037109375,0.00029296875000284217,26.5228280719735,0.005477086466626702,1009.8225725040581,0.0030265003289855485,28.574835314628427,0.025266910214917004,167575.5,396.5
1776298168.891183,33.7946484375,0.0056640624999992895,26.521550413015653,0.0049928378031065535,1009.8211900689303,0.005839511666408725,28.58637674283117,0.048751549474145506,167021.0,158.0
1776298170.8998318,33.77951171875,0.00244140625,26.53395333677108,0.002528253328470953,1009.8172638883523,0.001234859035264435,28.61915466369568,0.010309334805299386,166627.5,78.5
1776298172.9343286,33.7848828125,0.003515624999998579,26.586208243497286,0.016652588340591024,1009.8191100385234,0.0005382794941510838,28.603741915607202,0.004493869462608657,166627.5,78.5
1776298174.966913,33.80734375,0.005859375,26.645334182437992,0.01412301330635124,1009.8123102843822,0.002651539053886154,28.66051038491156,0.022136706823172148,167182.0,790.0
1776298176.992965,33.83634765625,0.01103515624999929,26.683184745438837,0.011821108309648665,1009.8136745925436,0.0002143122112556739,28.6491202697191,0.0017892104552359456,167337.5,316.5
1776298179.0186067,33.879414062500004,0.010351562500002132,26.681242767104777,0.0008458642116035974,1009.8145503481712,0.0013447363582486105,28.641808930329905,0.011226680220634222,166628.5,392.5
1776298181.062308,33.91154296875,0.008691406250001421,26.702983799637558,0.019825708769824146,1009.8254517096241,0.006445754506273715,28.550798239272765,0.05381262405041731,166237.5,468.5
1776298183.0896313,33.9231640625,0.007031249999997158,26.731243064499395,0.0033069337879130245,1009.8209344909031,0.0006829583315948184,28.588510340545604,0.0057017239816232745,166627.5,235.5
1776298185.1083086,33.90470703125,0.002050781249998579,26.746120086915006,0.002563540286580235,1009.8194353582678,0.0010035340361582712,28.601025960424373,0.008378082079667948,167106.0,1026.0
1776298187.1529284,33.8758984375,0.015039062500001421,26.72191309622373,0.009423061991141068,1009.8175237148607,0.0011265577089716317,28.616985477441677,0.0094051692116075,166627.5,235.5
1776298189.139966,33.81720703125,0.010644531250001421,26.676161728112696,0.011787925390965626,1009.8154278192051,0.0008969720772142864,28.634483265570488,0.007488465327217142,167575.0,238.0
1776298191.2000196,33.76466796875,0.01806640625,26.611842765251744,0.023296819500007615,1009.8120648595201,0.0017438336657278342,28.662559332044836,0.014558617250012063,167574.5,79.5
1776298193.2038355,33.71232421875,0.005957031249998579,26.53394827951815,0.019568124760001027,1009.8063812446564,0.0028148424041205544,28.71000983839966,0.023500177075131745,168372.5,240.5
1776298195.2683918,33.6434765625,0.02402343749999858,26.476574245933527,0.0019472795139137133,1009.7988793294855,0.001571649445111234,28.772640987318248,0.013121254098360069,168693.5,80.5
1776298197.289721,33.581562500000004,0.00800781250000071,26.493354094858056,0.015699558932233515,1009.7984217943228,6.322229279476232e-05,28.77646081067634,0.000527825128864734,168774.0,0.0
1776298199.3205533,33.49787109375,0.02822265625000142,26.527439924307913,0.011335606075055793,1009.8172428631542,0.004268844291232199,28.619330250397468,0.03563884177890664,168935.0,0.0
1776298201.3304348,33.41349609375,0.01806640625,26.58872452597093,0.009435223262329373,1009.8199927115937,0.001771926882383923,28.596372860942182,0.014793063004413298,169098.0,485.0
1776298203.3598306,33.35392578125,0.02021484375000071,26.654762593794047,0.02016826644018721,1009.8242148641524,0.004320952679336187,28.561124018788338,0.03607367181567156,168613.0,161.0
1776298205.3733754,33.28234375,0.013671875,26.711654127652515,0.00706800218871706,1009.8357626400516,0.00459900093341048,28.464717336170345,0.03839461492383478,170072.0,0.0
1776298207.3957224,33.2133984375,0.017578125,26.684225674712764,0.01506279888953621,1009.8349818852091,0.004488523127122335,28.471235442143264,0.0374723178851859,170400.0,0.0
1776298209.4174664,33.155878906249995,0.010644531249997868,26.671366860446454,0.006317365745211134,1009.8267562548704,0.0009282039791287389,28.539907063712437,0.007749137742766976,170647.0,247.0
1776298211.4803817,33.091328125000004,0.01679687500000071,26.65794285721556,0.006811054995978338,1009.8331970649065,0.004959781834656951,28.486135993304313,0.04140666812913807,170731.5,659.5
1776298213.4914377,33.014667968750004,0.01884765624999929,26.668065620339142,0.006643993797592174,1009.8397683059591,0.005669626600763422,28.43127625058029,0.04733254767841011,171308.0,249.0
1776298215.530596,32.918964843750004,0.02626953124999787,26.687540695721964,0.0005907964015694489,1009.8569076532636,0.00040613274290990375,28.28819028334264,0.0033905289709856845,171308.0,249.0
1776298217.5563884,32.7971875,0.0400390625,26.68310149939587,0.0005255909130781333,1009.8571909772779,0.001337969765586422,28.285825007514074,0.011169806674487859,173237.5,339.5
1776298219.5819595,32.61359375,0.05527343749999858,26.692719895970964,0.006410910285676863,1009.8612115008536,0.004657385444772899,28.252260490045906,0.03888124280450178,173492.0,85.0
1776298221.6084895,32.393671874999995,0.04062500000000213,26.770199379992757,0.03755615488536179,1009.8444181721425,0.0032541038042950277,28.392457113612863,0.027166594920482012,174434.5,516.5
1776298223.6322417,32.279316406250004,0.01845703124999787,26.905303652724704,0.031203581923202606,1009.8418094388473,0.000993540218587441,28.41423588112825,0.008294499113256748,174176.5,428.5
1776298225.6477609,32.162128906250004,0.03154296874999929,27.00752071305959,0.027420283369517406,1009.8440823030926,0.0038482319592390013,28.395261100873384,0.03212662939881561,174089.5,171.5
1776298227.6998587,32.06876953125,0.01572265624999858,27.16084527560794,0.03692234531163585,1009.8393280648359,0.0023778913069918417,28.434951489959552,0.01985169417911692,174691.5,86.5
1776298229.7073705,32.021796875,0.013671875,27.31263856456424,0.03985531485898974,1009.8255121445693,0.005114117707137211,28.55029364434889,0.042695402053773535,174606.0,345.0
1776298231.7206764,31.985078125,0.004492187500000355,27.498241437696997,0.0488670231117414,1009.8190257339493,0.003931156703686156,28.604445789875598,0.032819578771293934,175124.5,346.5
1776298233.7661438,31.9626171875,0.0078125,27.66880898361042,0.03495244269171138,1009.817745349256,0.0015490170600287456,28.615135146536176,0.01293210712396764,174951.0,0.0
1776298235.7747536,31.93625,0.008398437500000355,27.80086237428253,0.026708980102272406,1009.8065003830357,0.0051441502683928775,28.70901525404836,0.042946784690155226,174089.5,171.5
1776298237.8090644,31.886640625,0.016992187499999645,27.884446424152245,0.020516029959919635,1009.796172896436,0.0018647275075522884,28.79523625478629,0.015568113249514681,175820.0,0.0
1776298239.81852,31.79357421875,0.02177734374999929,27.939727427617107,0.011888664294996687,1009.7891690654294,0.004540255056042497,28.853709595793564,0.03790559294391471,174606.0,345.0
1776298241.8644602,31.690546875,0.01875000000000071,28.002408829909495,0.017631256681845286,1009.7848881011053,0.006537226420221032,28.889450562717528,0.05457805590971354,175732.5,87.5
1776298243.8998687,31.63712890625,0.004589843749998934,28.093975240178885,0.03255550863225487,1009.7655852895518,0.003222770911634143,29.0506071918196,0.026906715815721682,175824.5,873.5
1776298245.903536,31.585859375,0.011914062499998934,28.204986505579303,0.020970294504639497,1009.7664436806647,0.0038945486538182195,29.0434405557708,0.03251532442334515,175913.0,962.0
1776298247.937843,31.534785156250003,0.008886718750000355,28.272106767307445,0.02123279990759741,1009.7816054034028,0.0019061387922647555,28.91685708460158,0.01591403092540844,175820.0,0.0
1776298249.9670181,31.45255859375,0.024316406249999645,28.331108914832555,0.014433475833749654,1009.7801608558334,0.002653603594978904,28.928917386736778,0.022154514014667726,176435.0,440.0
1776298251.9816468,31.40763671875,0.001660156249998934,28.376786495054205,0.01085681431428398,1009.7871131091899,0.0024975727860123698,28.87087428921386,0.020851721387874278,177408.0,356.0
1776298254.014057,31.39171875,0.0037109374999992895,28.444186454022237,0.018939034246336917,1009.787865082804,0.003473843309620861,28.864596237612915,0.02900238565909774,176434.0,264.0
1776298256.0431669,31.37052734375,0.005175781250001066,28.533180966579735,0.021576940774655995,1009.780760123782,0.0007000988914569461,28.92391417329834,0.005845011394473687,175820.0,0.0
1776298258.0676467,31.30998046875,0.026464843750000355,28.57206125060529,0.0032503245766442035,1009.7959163282105,0.00251541733933891,28.797378284318714,0.021000553648885756,177052.5,354.5
1776298260.0779815,31.192890625,0.02714843749999929,28.595115575039202,0.003191940998531706,1009.796969229692,0.002242984778092705,28.78858788787683,0.01872607048806607,176699.0,353.0
1776298262.0957427,31.139277343750003,0.004980468750000355,28.662122369321793,0.021602638773012828,1009.7955903369841,0.0012558985096688957,28.80009988324963,0.01048516701956892,177499.5,801.5
1776298264.1673694,31.0657421875,0.03203124999999929,28.743969250352066,0.008279900136495044,1009.8022735268321,0.0020048184607048825,28.744303843032156,0.016737613426915487,177674.5,89.5
1776298266.1945426,30.991816406250003,0.006738281249999645,28.83132408119576,0.02698201182098181,1009.7995510093943,0.0006753735183337994,28.767033317615194,0.005638498331117958,178122.5,358.5
1776298268.2095315,30.925703125,0.022265625000001066,28.905590663494397,0.017388112388438515,1009.7983841362144,0.00018686762496145093,28.77677520773228,0.0015601052575267005,177674.5,89.5
1776298270.216369,30.818378906249997,0.037988281249999645,29.00667681229583,0.016041051492399205,1009.797064573012,3.8299456207369076e-05,28.787791875598998,0.0003197517278312745,178217.0,988.0
1776298272.2326577,30.69357421875,0.033105468749999645,29.103532231767154,0.024742656756776782,1009.7990484912002,0.00157658101772995,28.77122870443511,0.013162424609866719,177674.5,89.5
1776298274.271348,30.5508984375,0.03984374999999929,29.223718170257612,0.02969116386795001,1009.8019054819653,0.001206511688565115,28.747376528431165,0.010072798406348227,178663.5,541.5
1776298276.3298366,30.414082031249997,0.029394531250000355,29.36379815168365,0.03889923865922995,1009.8012889004633,0.003659708523343852,28.752524220720204,0.030553806280000373,178935.0,634.0
1776298278.3209932,30.304707031249997,0.023535156250000355,29.528460858632254,0.04773501881787823,1009.8085448074655,0.0028830156447270383,28.6919469936406,0.02406929088848564,180118.0,367.0
1776298280.3357646,30.207148437500003,0.022070312500000355,29.694276888218198,0.03959760587331651,1009.8135160483934,0.007918582255115325,28.650444103830772,0.06610921461619235,179568.5,182.5
1776298282.406881,30.156367187500003,0.007226562499999645,29.850477157097533,0.03539069532216388,1009.8314285732338,0.005471197884901358,28.500900249210915,0.04567628252373268,179660.0,91.0
1776298284.4339867,30.12130859375,0.01220703125,29.96382569836473,0.0349764425752479,1009.8422367791125,0.0050650181913169945,28.41066834480811,0.04228492586936916,180301.0,184.0
1776298286.4392908,30.06291015625,0.01318359375,30.052990513030117,0.029357285716411496,1009.8518557080465,0.003441850529554813,28.330365698860696,0.028733810332221665,180118.0,367.0
1776298288.4775088,30.03322265625,0.0016601562500007105,30.19193303694044,0.027917214899344955,1009.8732988286908,0.0044979186813520755,28.15135235618468,0.037549602789068715,178752.0,271.0
1776298290.4843435,30.039765625,0.0033203124999996447,30.309196159438116,0.02808786267893737,1009.8902561798628,0.006378500028176859,28.009789733667624,0.053248380653670324,179207.5,726.5
1776298292.5114706,30.06505859375,0.00947265625000071,30.392070534504988,0.03143438302982915,1009.8964263012957,2.8473333486545016e-06,27.958280910419944,2.3769717747867958e-05,180025.5,91.5
1776298294.5395522,30.0676953125,0.00800781250000071,30.353372426292445,0.009052931840576761,1009.9103962767051,0.0032986698564059225,27.84165937136291,0.027537193871724597,179299.0,818.0
1776298296.5970635,30.04162109375,0.0036132812500007105,30.331594421122965,0.005880525334120534,1009.8924606077792,0.007736804276873954,27.991387020915866,0.06458753142667462,180393.0,276.0
1776298298.59992,30.0333203125,0.0037109374999992895,30.297505482027745,0.017003672549096294,1009.8778230765633,0.0035363732008022453,28.11358299423363,0.02952230503194464,180209.5,275.5
1776298300.6306453,30.034296875000003,0.0005859375000003553,30.278138996213404,0.0027267009895410865,1009.8698453711788,0.002518224472339625,28.18018256354256,0.02102274344829702,184318.5,3279.5
1776298302.6505487,30.03849609375,0.0020507812500003553,30.28406908344097,0.0029607866817897843,1009.8462722619704,0.009686418554110787,28.376978700404678,0.08086607979202398,180854.5,369.5
1776298304.7158384,30.0628125,0.0087890625,30.314019867780488,0.009119192278504329,1009.8211563759818,0.00636665221838939,28.586658052179473,0.053152418684335956,180578.0,461.0
1776298306.7409952,30.095332031250003,0.007714843749999645,30.336367740463643,0.0006858135785581254,1009.7948040943309,0.00814969023770118,28.80666423589647,0.06803966762800506,184060.0,3943.0
1776298308.72936,30.13224609375,0.01123046875,30.375799482263833,0.00934283672116365,1009.7608959149295,0.006686253951386334,29.089758680166256,0.05582333227371983,180669.5,184.5
1776298310.7844837,30.1735546875,0.009570312500001066,30.39894743792067,0.0008526884298731829,1009.7246640078909,0.009441524887563446,29.392262320777718,0.07882929636054214,180577.0,92.0
1776298312.8030982,30.2063671875,0.0031250000000007105,30.415781979595238,0.00862521283390194,1009.7013902364192,0.005292116156113025,29.586581590058202,0.04418582631563872,180123.5,1100.5
1776298314.81026,30.23302734375,0.00908203124999929,30.482168000595834,0.006378577671911856,1009.6906018632492,0.0015275530910230373,29.67665799357404,0.012754213536473102,180301.5,367.5
1776298316.8898606,30.2813671875,0.01347656249999929,30.59231759411295,0.02349562751393819,1009.6825778297748,0.002101041388982594,29.743654405585687,0.017542632795985114,179751.5,365.5
1776298318.8887596,30.34357421875,0.01728515625000071,30.687085900018467,0.018282569009132388,1009.679194799603,0.0010301741861553637,29.77190102332579,0.008601456682404418,179024.0,362.0
1776298320.898644,30.41017578125,0.01689453124999929,30.720962239641864,0.0015210961665008682,1009.6830766557503,6.319357811435111e-05,29.7394894470866,0.0005276342020508196,179205.0,0.0
1776298322.928412,30.465839843749997,0.0020507812500003553,30.667409075573225,0.013757209681491744,1009.6749266284371,0.0007792380168325508,29.8075382496818,0.006506283189192885,179477.5,91.5
1776298324.9419165,30.46623046875,0.001660156249998934,30.60054028994306,0.019658450322154408,1009.681685201599,0.0010049856610976349,29.751107390592338,0.008391127910243767,179477.5,91.5
1776298326.9643338,30.45958984375,0.00146484375,30.51914446183269,0.027985946707895337,1009.684649433285,0.0006813751189156392,29.726357565328556,0.005689128122339682,180210.0,459.0
1776298328.9956577,30.462421874999997,0.0023437499999996447,30.363493428015325,0.027616188971528288,1009.6753739464989,0.0021377804060307426,29.803803361157872,0.017849488123427903,183899.0,3598.0
1776298331.0562966,30.488984375,0.0068359375,30.260161827019466,0.04388297126538454,1009.6905797331787,0.001723933964740354,29.676842769417735,0.014393884198799611,180762.5,461.5
1776298333.0766006,30.48712890625,0.0065429687500007105,30.179373477505116,0.002198479013818755,1009.7032202213179,0.00399975947158282,29.57130234335905,0.03339541551082803,180398.0,1012.0
1776298335.1034894,30.488984375,0.006249999999999645,30.27128643846983,0.04505048290907254,1009.7132795691939,0.004245485030651253,29.48731361294051,0.03544677972731414,179479.5,637.5
1776298337.1274946,30.514667968749997,0.005957031250000355,30.404333963221763,0.008882782359005859,1009.7174238025375,0.0032253346882953338,29.452712244752078,0.02692916061649875,180214.5,1009.5
1776298339.1435797,30.531953125,0.0,30.383611066756256,0.01948285563709362,1009.7163804083592,0.0008731270546604719,29.461423786278964,0.007289971628063441,180393.0,276.0
1776298341.193933,30.531855468750003,9.765625000035527e-05,30.286223127539536,0.0333855788049533,1009.7249498592444,0.0010349484016387578,29.38987539256589,0.008641002013904497,180209.0,92.0
1776298343.2097182,30.549335937499997,0.006249999999999645,30.18767747075227,0.027241147919648157,1009.723355562788,0.0018677829734770057,29.40318652580817,0.01559453306451175,180577.0,92.0
1776298345.2176075,30.571796875,0.0048828125,30.09518992711226,0.021791179958231766,1009.7169147375403,0.004133914378087411,29.45696258445153,0.034515143535815085,184305.0,4004.0
1776298347.2620342,30.6001171875,0.0087890625,30.014377907845123,0.021435570933773462,1009.7140669697819,0.0002821423635168685,29.480739320196417,0.002355686529526224,180762.0,277.0
1776298349.29582,30.63263671875,0.0055664062500007105,29.978382081787196,0.005060397862767019,1009.705947278987,0.0012566092349288738,29.548533144831588,0.010491854839843384,183766.0,3832.0
1776298351.3162026,30.6466015625,0.0046874999999992895,30.004609633228156,0.0420637864798028,1009.7028861732066,0.0009666135209727145,29.574091379883875,0.008070602506418112,180762.5,461.5
1776298353.3484612,30.67296875,0.0078125,30.093041687095813,0.01180632938738313,1009.7011586566889,0.0027764600761770453,29.588515066720586,0.023181691758530576,181039.0,0.0
1776298355.353984,30.70724609375,0.009472656249998934,30.09052471395949,0.0269459987237326,1009.6985587491887,2.7533928005141206e-05,29.610222652567423,0.0002298914238298977,180117.5,183.5
1776298357.3842432,30.74572265625,0.00927734375,30.102271752779977,0.009160005949722105,1009.6994160196905,0.0003527229114865804,29.603064972129722,0.0029450181210552984,180485.0,184.0
1776298359.406234,30.7753125,0.006249999999999645,30.093781138904795,0.018898573916830586,1009.7021414914952,0.000745338371359594,29.580308994809798,0.006223100744190191,180393.0,92.0
1776298361.4281626,30.79474609375,0.00439453125,30.04548843735515,0.0031675225074145885,1009.7002682925381,0.0032022482820934783,29.595949057399487,0.026736774013684794,179755.5,913.5
1776298363.4599512,30.8208203125,0.00800781250000071,30.078369902406457,0.03961542084312519,1009.702404953842,0.0019087917932552045,29.5781092625689,0.01593719252057113,179846.0,823.0
1776298365.4760544,30.826679687499997,0.0033203124999996447,30.10389714534906,0.01360257572345347,1009.6937668153425,0.0014883513040899743,29.650232447745985,0.012426869010973007,184378.0,3524.0
1776298367.5097508,30.82970703125,0.0006835937500007105,30.073594341436987,0.005497164850590153,1009.6961608110049,0.0014882615383839948,29.63024399349507,0.012426095664727299,180393.0,276.0
1776298369.5426857,30.81349609375,0.0071289062499992895,30.02215154458355,0.03396521911252215,1009.6963873825141,0.0013266043959561102,29.628352255257155,0.011076352985959659,187648.5,50.5
1776298371.5610816,30.78400390625,0.01337890625000071,29.977877529481685,0.007147481324608407,1009.6842207007401,0.004692682488041555,29.72993733204335,0.03918147338713496,184050.5,3749.5
1776298373.58984,30.73712890625,0.00927734375,29.990393620974594,0.007510110888791388,1009.6930402665606,0.008213057134753399,29.656298928301617,0.06857429719489794,187903.0,406.0
1776298375.6515732,30.716328125,0.0009765625,30.052432474740147,0.011025113909933992,1009.7441728932058,0.014976235693211493,29.229380220697742,0.12503781616306853,188258.0,51.0
1776298377.6993678,30.66681640625,0.02373046874999929,29.91478746303021,0.013193003716729379,1009.7905215928131,0.009586670494343252,28.842417886274685,0.0800369210276628,188666.5,153.5
1776298379.6813972,30.551484375,0.024218750000001066,29.97957700442111,0.10611216617525265,1009.8378045090315,0.014873823641096351,28.447671540695243,0.12417344646786788,188003.5,101.5
1776298381.7445762,30.49611328125,0.0036132812500007105,29.966331456573098,0.02188211465488976,1009.888359293741,0.01147311069985335,28.02562545241445,0.09577886528993318,189129.5,514.5
1776298383.7702453,30.50607421875,0.005175781250001066,29.98108639676625,0.018971272731873157,1009.9214573720012,0.009451508433187428,27.74932236212519,0.07890020017911503,188615.5,204.5
1776298385.7964902,30.49064453125,0.013378906249998934,29.957522550430667,0.007144754859305991,1009.9578721166049,0.005762980301597054,27.445340146609873,0.048107350051109776,188618.5,818.5
1776298387.7919254,30.44455078125,0.005566406249998934,29.981206784482296,0.007834266288009317,1009.960044288882,0.0004966780246604685,27.427207515338104,0.00414608774086922,188871.5,153.5
1776298389.853118,30.44533203125,0.00029296874999928946,30.006253924392077,2.5866585353639948e-05,1009.9517361449008,0.00038739895501294086,27.496561114180587,0.0032338873020218983,188718.0,205.0
1776298391.848074,30.45236328125,9.765625000035527e-05,30.026305682893334,0.002767403209876562,1009.9590258932476,0.0019079296507129584,27.43570872701007,0.015926716712510114,188462.5,255.5
1776298393.8786075,30.4544140625,0.0031250000000007105,30.08479630883686,0.016386420606874452,1009.9519488501671,0.003433826852187849,27.494785555158643,0.02866452533492314,188259.0,459.0
1776298395.9380562,30.45509765625,0.0006835937500007105,30.15152328954206,0.005496270272143278,1009.9487167969739,0.00026006452009141867,27.521765732070918,0.002170943864923558,188258.0,255.0
1776298397.9485939,30.46583984375,0.0045898437500007105,30.18860108779454,0.008744977101446949,1009.9551729862943,0.0006235111819705708,27.467871459818674,0.005204865197560693,187801.0,304.0
1776298399.957848,30.4602734375,0.004296875000001421,30.215901156033638,0.007957436690288588,1009.941581221994,0.0007351192542728313,27.581331633056962,0.006136599353880001,189129.0,411.0
1776298401.995726,30.44943359375,0.004003906250000355,30.223277897774224,0.011474786177421592,1009.9384552351864,0.00034750437617958596,27.607426653035056,0.00290089051649467,188769.0,154.0
1776298404.0289829,30.478828125,0.00957031249999929,30.23700948209392,0.006411021863744537,1009.9443981665686,0.0024714978877113936,27.557816500056283,0.0206314254397153,188207.0,102.0
1776298406.0439548,30.5196484375,0.01054687499999929,30.271226682207327,0.003719645253800863,1009.952686481345,0.002637764886230798,27.488628023695476,0.022019233044311193,184336.0,3667.0
1776298408.0923052,30.56447265625,0.01337890625000071,30.316943186865863,0.006756814644191422,1009.9510136607657,0.0012171869155395143,27.50259219568881,0.010160707817618686,189025.5,205.5
1776298410.1105387,30.60138671875,0.006933593749998579,30.311886603173043,0.0021641829633427534,1009.9563070947809,0.0010121751062115436,27.458404303575414,0.008449295450828842,188411.5,408.5
1776298412.1414323,30.63078125,0.006445312500000355,30.31450736849679,0.007772673882671555,1009.9631055162658,0.0019487104482891482,27.401653544307337,0.016267087072050046,187800.5,101.5
1776298414.1652606,30.625703125,0.008984374999998934,30.28623299198169,0.0035823396302721022,1009.9651688947932,0.0008293690788150343,27.384429255953997,0.006923243374872712,188207.0,102.0
1776298416.1783297,30.60724609375,0.00048828125,30.231744743122025,0.005604947804261684,1009.9633981236168,0.0016824545095346366,27.399210967468886,0.014044481364773986,188718.0,205.0
1776298418.2176259,30.621601562499997,0.0033203124999996447,30.205216497224235,0.016386816012984085,1009.9679775637965,0.0023566794406519875,27.360983646311993,0.019672578831778864,187902.0,203.0
1776298420.2302358,30.63859375,0.0007812500000010658,30.153908644689977,0.01938669289943107,1009.969066516031,0.00045184742469928096,27.35189351247796,0.0037718308949834523,188976.5,667.5
1776298422.25903,30.62169921875,0.0036132812500007105,30.074607645904155,0.0030978487241455355,1009.9690126625819,0.0009978952942333308,27.35234306091803,0.00833000755840807,189077.5,359.5
1776298424.2940142,30.620234375000003,0.005273437499999645,30.02726282096974,0.010641257769387735,1009.9604722288254,0.0008663822364383122,27.423635230431103,0.007232241732573641,189180.0,360.0
1776298426.3108397,30.648066406250003,0.006738281249999645,30.001956084445204,0.0005956777257729584,1009.9751586369806,0.00505376371188504,27.30103927643823,0.042186472601274616,188667.0,256.0
1776298428.3668714,30.685078124999997,0.009179687499999645,29.963582839994245,0.018621457344561776,1009.9718681015687,0.004874806427665135,27.328507168283856,0.04069272764454723,188769.0,154.0
1776298430.3895333,30.711542968750003,0.0018554687499996447,29.92706223028977,0.03591749899700325,1009.9694355639706,0.00041883707979195606,27.34881285697031,0.003496273484255852,188309.0,0.0
1776298432.420606,30.6188671875,0.034960937500001066,29.871718852972485,0.008626581620873708,1009.9660629494489,0.0014416947788049583,27.37696605042364,0.012034686276452433,190172.0,1352.0
1776298434.4121816,30.51701171875,0.00830078125,29.934876720548058,0.027014406612799746,1009.9666517960353,0.0032808635014589527,27.37205062695125,0.027387311723636287,189853.0,622.0
1776298436.4569116,30.49748046875,0.0002929687500010658,30.033068846850142,0.005526893076408967,1009.9639647002859,0.0012605825625655598,27.394481400868813,0.01052285227696892,189438.0,413.0
1776298438.4759183,30.4801953125,0.008203124999999645,30.070414747339562,0.015936369187359745,1009.9597603972172,0.0031201037099322093,27.429577371859892,0.026045498385284915,189025.5,205.5
1776298440.4845436,30.479609375000003,0.006249999999999645,30.175930221751074,0.02834488497031451,1009.9666467899456,0.0009902336767595443,27.372092383012337,0.008266067296254676,188667.5,460.5
1776298442.5158908,30.5118359375,0.00957031249999929,30.25106586053967,0.006412423853943139,1009.9650578820766,0.0015996418393342537,27.38535595228485,0.013353175365065084,189286.5,875.5
1776298444.5330327,30.54298828125,0.0055664062500007105,30.31224765812511,0.019969737099142293,1009.9625571831963,0.003986895903267396,27.406230859853835,0.0332810917943096,184623.0,3584.0
1776298446.580095,30.57365234375,0.005175781250001066,30.378983437710055,0.011595721783931978,1009.9775794341933,0.0042122234100929745,27.28083157899308,0.035161616714685096,184162.0,4045.0
1776298448.6214056,30.59982421875,0.004785156249999645,30.450925962109665,0.0023567012242082797,1009.9851537992956,0.0026912203205711194,27.217604576043847,0.022464877474357436,187902.0,203.0
1776298450.6297245,30.6258984375,0.0087890625,30.45882974503401,0.0019983879896514622,1009.9934370114713,0.004086892012253429,27.148460982647787,0.03411497673494068,188462.5,255.5
1776298452.6637468,30.644453125,0.0025390625000003553,30.443779996368043,0.0025577632185829202,1010.0259342951022,0.006271448246764067,26.877196334364427,0.05234900666916964,181132.0,278.0
1776298454.6770422,30.64865234375,0.0020507812500003553,30.547243374104426,0.039201872557436346,1010.0678255216301,0.012131837619961061,26.527528295021966,0.10126342374848285,184683.5,3829.5
1776298456.7432954,30.63419921875,0.005566406249998934,30.529220507971107,0.0004993004687889879,1010.1111135510328,0.007366149323559057,26.166212728518353,0.061482492637841446,184268.0,3229.0
1776298458.7266376,30.615546875,0.0041015625000007105,30.57492580772115,0.019143075182284974,1010.1413257650336,0.009793267032534914,25.914045873791693,0.08173875660124708,188003.5,203.5
1776298460.792581,30.59474609375,0.00537109375,30.639965518449962,0.01345924492856021,1010.1863110541176,0.010307529734120635,25.538586392182644,0.08602790897051449,187750.0,152.0
1776298462.7753005,30.577265625,0.0066406249999992895,30.60772440935883,0.010554363014639634,1010.2341763059003,0.009948269575602353,25.139104761507955,0.08302629422311014,188258.5,356.5
1776298464.810098,30.556953125,0.003320312500001421,30.644939283458577,0.04989208249880761,1010.2624986797903,0.007593070160339721,24.902734364124804,0.0633688262986496,184613.5,3389.5
1776298466.876858,30.55939453125,0.0051757812499992895,30.700938313525814,0.050676326940472194,1010.30234677767,0.015566467025735164,24.570183481705342,0.12990756328609088,187699.0,101.0
1776298468.904191,30.575800781250003,0.0008789062499996447,30.702413696295665,0.04455383102193622,1010.3531235395974,0.009316050743848336,24.146441903995246,0.07774250907627511,189592.0,52.0
1776298470.891141,30.590546875,0.0048828125,30.667474922812517,0.013505355230472915,1010.3906705248843,0.011588583435013788,23.833116920129356,0.0967039005547985,188718.0,0.0
1776298472.9182048,30.612910156250003,0.007714843749999645,30.58305334302407,0.03275686379309661,1010.437354718547,0.01366465677767792,23.44355617957357,0.11402396014751837,188567.0,767.0
1776298474.9773378,30.624628906250003,0.009667968749999645,30.42808572870055,0.02871065950255769,1010.4759964643565,0.005801791589135519,23.121116784798538,0.048411224642038064,189800.0,466.0
1776298476.9783757,30.5837109375,0.0048828125,30.332570209452506,0.008783140233342479,1010.4989675559552,0.005001739192152854,22.92944347292277,0.041734670913752936,189231.5,308.5
1776298478.9975455,30.5637890625,0.0,30.280718994880928,0.013907337346545035,1010.5130862224025,0.0008731953192295805,22.81163745629714,0.0072858870906031825,189231.0,0.0
1776298481.0174444,30.56623046875,0.003808593750001421,30.267029128535157,0.005901439795573893,1010.5092758537947,0.0010763391362615948,22.843430983336788,0.008980933808006242,189747.5,103.5
1776298483.064727,30.547578125,0.005468750000000355,30.2681500606201,0.003267869292500336,1010.5062875767321,0.00208324212928801,22.868365096731537,0.01738253663303624,189489.0,155.0
1776298485.0794797,30.4755078125,0.013476562500001066,30.283984932376157,0.012705990815545576,1010.5125000563864,0.005588716420163564,22.816528491859565,0.04663192192441201,189592.0,155.0
1776298487.1030538,30.43986328125,0.0010742187500003553,30.339223010553496,0.016787378234603523,1010.5127534632851,3.551936470103101e-05,22.814413975371444,0.0002963714356223335,189594.5,671.5
1776298489.1341171,30.438984375,0.0185546875,30.353055476799582,0.015565073004093932,1010.5104219609527,0.0015293644443659105,22.833867916082625,0.012760948446794986,189800.5,569.5
1776298491.1509306,30.357734375,0.02519531249999929,30.395893445105685,0.028361117779452272,1010.5153383375969,0.000982751199046561,22.792845965707237,0.0081999996988813,180855.5,554.5
1776298493.190571,30.2977734375,0.0005859375000003553,30.568721030096704,0.04730244087627078,1010.517135733375,0.0018447781437203048,22.777848653839982,0.01539266342532919,178481.5,180.5
1776298495.200575,30.3219921875,0.013476562500001066,30.743706321524204,0.03189284188786701,1010.5110467842453,0.0014048981462337906,22.828654418589856,0.01172240136023639,177585.5,178.5
1776298497.270525,30.3626171875,0.00859374999999929,30.861769387208994,0.02310843181187039,1010.5007424654102,0.0005859604361830861,22.91463350002407,0.004889265563789991,176699.5,529.5
1776298499.2499998,30.41115234375,0.01416015625,30.930380136574886,0.009661354862327443,1010.4991831680138,8.580627496712623e-05,22.92764431559813,0.0007159701625898407,177141.0,266.0
1776298501.3220215,30.46857421875,0.012792968749998579,30.96910579840592,0.003954156063281644,1010.5010014822265,0.002008525195662969,22.91247227110711,0.016759170805709545,177052.0,177.0
1776298503.3254526,30.5188671875,0.01191406250000071,31.00161532314712,0.015056479514727883,1010.4970951830104,0.0005481972085590314,22.945066541424044,0.004574181806706434,175471.0,0.0
1776298505.3694098,30.5669140625,0.009765625,31.04232135196496,0.012071807371789589,1010.5112824673375,0.003095692817055351,22.826687916030444,0.02583030444542267,175037.5,259.5
1776298507.3967476,30.6091015625,0.011132812499999645,31.0992968343919,0.015000426998462046,1010.5131256118339,0.00012152647269658701,22.811308790851022,0.001014009251784742,174520.5,430.5
1776298509.4247146,30.64884765625,0.010058593750001066,31.20646854006788,0.04011225011541519,1010.5205195463051,0.004451677361430484,22.749614515297107,0.037144296044061775,173747.5,170.5
1776298511.4656737,30.68810546875,0.01005859374999929,31.294068179276348,0.012126994594357399,1010.5218572973182,8.336913231232757e-05,22.73845241081311,0.0006956219319942392,174175.5,257.5
1776298513.4562938,30.726191406250003,0.007714843749999645,31.336785979812813,0.011917282746413349,1010.5256126288641,0.004930032142510754,22.70711850801704,0.0411354667545023,172142.0,419.0
1776298515.5160372,30.75509765625,0.007714843749999645,31.353451554275857,0.009116751247482568,1010.5298650444922,0.000311419447427852,22.671636953820332,0.002598429443976258,173408.0,510.0
1776298517.5341532,30.783515625,0.0076171874999992895,31.3224286152409,0.018917974999350662,1010.5236962487435,0.00039909489566980483,22.723108434869573,0.003329994520628432,173833.5,256.5
1776298519.5696573,30.80451171875,0.002832031250001421,31.237502265232678,0.022147926599922485,1010.5218165197343,0.005787333060595755,22.73879276597469,0.04828880704308958,174433.0,0.0
1776298521.5827355,30.826679687499997,0.005468750000000355,31.147126355985968,0.02469419630387648,1010.5210036858874,0.0012038024941602998,22.74557484836389,0.010044388945797067,174864.5,259.5
1776298523.586004,30.850703125000003,0.009179687499999645,31.11572939966888,0.0036367168018607288,1010.5293793330875,0.0021134610488502403,22.67568966029183,0.017634356493717362,175124.5,346.5
1776298525.6458519,30.88869140625,0.01005859374999929,31.096806354411953,0.007478121220286127,1010.5242096055327,7.429849790696608e-05,22.718825054729713,0.0006199364901942062,175647.0,523.0
1776298527.679755,30.93654296875,0.01240234375000071,31.05639674757693,0.007263558360179445,1010.5240234170358,0.0013358509866066015,22.720378592111736,0.011146159342631634,175211.0,260.0
1776298529.7042706,30.98947265625,0.01416015625,31.06682190475113,0.009687841057486324,1010.5226319733127,0.0009962113853134724,22.73198861352906,0.008312261869919624,175210.5,86.5
1776298531.717179,31.050898437500003,0.015234375000000355,31.125619191573335,0.006992877194074154,1010.5213267369923,0.0027153719883585836,22.74287936741741,0.022656744319787595,175124.5,346.5
1776298533.760047,31.111347656249997,0.014746093750000355,31.14514979305627,0.0014513370063387043,1010.5105206003902,0.00440312865936221,22.833044930054232,0.03673950547841898,174175.5,257.5
1776298535.7698658,31.1716015625,0.016015624999999645,31.159068717431346,0.004135904950226532,1010.4993723050161,0.00031784782646582244,22.926066151140084,0.0026521315138179347,174090.5,342.5
1776298537.772662,31.2352734375,0.015820312499998934,31.195726050149624,0.02106716494965788,1010.5034836883707,1.0250373975395632e-05,22.891760704952446,8.552913684489738e-05,174090.0,0.0
1776298539.8032777,31.29611328125,0.014550781249999645,31.254568434937628,0.018159625623265896,1010.5194949927013,0.004001653083435031,22.758163266315975,0.03338937141366749,172732.0,675.0
1776298541.8232143,31.355,0.015625,31.3188791911044,0.00985466712190508,1010.5278853024197,0.005777972693579159,22.688155700059752,0.04821047083962249,172309.0,252.0
1776298543.8488789,31.406171875,0.012890624999998934,31.48925391421531,0.10230815257852477,1010.5374703737059,0.0012452497495019088,22.6081796142278,0.010390082966113212,170650.0,741.0
1776298545.8975883,31.45666015625,0.01494140624999929,31.94407178848035,0.11410337868353082,1010.5371685533763,0.0006068264918894783,22.61069793131273,0.005063224565700963,168616.5,803.5
1776298547.9325702,31.514375,0.014257812500000355,32.344498388422366,0.086112530530297,1010.5418297795319,0.0017548918926877377,22.571805784187134,0.014642370880933342,167815.5,636.5
1776298549.954129,31.57228515625,0.01416015625,32.590349890734586,0.04380471084011717,1010.5398036494499,0.0036577634263039727,22.588711345572392,0.030519495734685265,167892.5,79.5
1776298552.0026555,31.62599609375,0.01123046875,32.70023666346494,0.012404641120035365,1010.5360555194941,0.003731014819379652,22.619984886605394,0.031130781183223988,167021.5,315.5
1776298554.0291994,31.67580078125,0.01298828124999929,32.68233836531056,0.015753405599635784,1010.5275736352876,0.0003578289000074619,22.690756089420244,0.002985667285493321,167416.5,237.5
1776298556.0388067,31.71955078125,0.01005859374999929,32.59873375536745,0.04150832300504703,1010.5186754867377,0.0025877980651216603,22.765001108774477,0.021592328388519988,167813.0,159.0
1776298558.050925,31.7579296875,0.0087890625,32.37322509201651,0.05570969802611714,1010.5174948009569,0.0011927233962296668,22.774852619939917,0.009951974213432635,168694.5,402.5
1776298560.0695212,31.78498046875,0.005957031249998579,32.11308714234495,0.08128948205968811,1010.5202959532726,0.00461481090428606,22.751480155566817,0.03850547090721079,169016.0,81.0
1776298562.088601,31.80841796875,0.004980468749998579,31.74599421287507,0.08963637862811602,1010.5293591426905,0.0005020059703610968,22.67585811141432,0.004188651781630526,170482.0,82.0
1776298564.118074,31.828046875,0.004296874999999645,31.373792276872706,0.08667415565618342,1010.5277399774204,0.000759448074404645,22.68936815877764,0.00633671279710768,171474.0,83.0
1776298566.1801708,31.844746093749997,0.0030273437500003553,31.044252681588667,0.0753932623587712,1010.5256428262511,0.0011119640854531099,22.70686646832734,0.009278065382707368,170730.5,494.5
1776298568.1674354,31.86408203125,0.005957031249998579,30.841550368342187,0.033043328959539764,1010.5217852681596,0.004613247527288422,22.73905348451565,0.038492380329280707,169827.5,244.5
1776298570.2282953,31.86251953125,0.00439453125,30.718310723410355,0.03955116560974403,1010.5349470753472,0.00497309914970856,22.62923354521567,0.04149450120856635,171391.0,166.0
1776298572.2479005,31.84083984375,0.00908203124999929,30.551450053897977,0.0538938704803833,1010.5392978414812,0.0024606171309642377,22.592931661626185,0.02053080413461572,174778.0,173.0
1776298574.2723703,31.767597656249997,0.024511718750000355,30.310422680817524,0.05517987836067917,1010.5343775141073,0.0029717522568830645,22.63398579324302,0.024795691816484226,176435.0,440.0
1776298576.2816546,31.6864453125,0.017382812500001066,30.088633660194276,0.05165707385450169,1010.5425771205106,0.002702266701476219,22.56557017743273,0.022547011437485054,176964.5,442.5
1776298578.3227916,31.63703125,0.01093750000000071,29.93678001326313,0.04267918394050163,1010.5455852255473,0.00025305532176389534,22.54047133642269,0.002111422783231731,177675.5,446.5
1776298580.35967,31.581953125,0.014257812500000355,29.815169016052987,0.03737436934950367,1010.5461964733701,0.0008762434595155355,22.53537125925626,0.007311126617777219,177943.0,179.0
1776298582.378742,31.49083984375,0.02001953125,29.707159180977314,0.02119253504340257,1010.5483164649961,0.004439356525438143,22.51768272943295,0.03704066737403089,178575.0,811.0
1776298584.411634,31.42638671875,0.01806640625,29.66540667972788,0.0015902524085245062,1010.5814501421502,0.009416386314455849,22.24122910533146,0.0785654343965021,179661.0,456.0
1776298586.4430869,31.3649609375,0.017773437499998934,29.671097295462125,0.007112097164126752,1010.6038375855509,0.0011525411861157409,22.05444129401565,0.009616032279613052,179478.0,273.0
1776298588.4267867,31.29630859375,0.019433593749999645,29.651190551854747,0.004481695377291928,1010.6168516794901,0.006263354250108932,21.945861097068914,0.052256691023751856,180301.5,367.5
1776298590.4958246,31.208613281250003,0.014746093750000355,29.671213197034586,0.0070232394309783786,1010.6542260597759,0.013147689261813866,21.63404264853863,0.10969109129864485,179935.0,366.0
1776298592.4906433,31.13908203125,0.025292968749999645,29.69837905363185,0.0005491561054817851,1010.6875753721849,0.0009045755409147205,21.355812680481,0.007546666585811934,180669.5,184.5
1776298594.5264003,31.0255078125,0.02558593750000071,29.705033042685788,0.006069958289401711,1010.6810978599533,0.00040603836333730214,21.409853219684194,0.00338750266028498,180485.0,184.0
1776298596.5369103,30.94220703125,0.01904296875,29.755945117690946,0.014965367835504395,1010.6784462006968,0.0016323000238571694,21.43197555226793,0.013618004892267166,184550.0,4065.0
1776298598.5879767,30.8524609375,0.019335937500001066,29.822939411599954,0.023264943681184036,1010.6808020339718,0.001482214914119595,21.41232124799194,0.012365846695320926,184470.5,3431.5
1776298600.6071403,30.82453125,0.0029296875,29.889846843906007,0.016393669338157224,1010.6860367919489,0.003878075403179082,21.368648758485072,0.032353934871315104,181317.0,93.0
1776298602.6607492,30.7770703125,0.016796874999998934,29.938394682749614,0.006844598785054501,1010.6955683364496,0.013202806047956983,21.289130003341192,0.11014728202909474,188566.5,664.5
1776298604.6781042,30.744453125,0.00800781250000071,29.988264389144057,0.004845548739083938,1010.7471730745655,0.012924328856115608,20.858615122577838,0.10781956799420556,188310.0,510.0
1776298606.68555,30.7446484375,0.0056640624999992895,30.02438519510681,0.008833896329074165,1010.7754474718747,0.004152050310040067,20.622741733583652,0.03463716654152904,188056.0,559.0
1776298608.7394774,30.77052734375,0.0045898437500007105,30.026675784741236,0.0023713228294308664,1010.7799295474804,0.0006232981861558073,20.585351446209174,0.005199649317773947,188107.5,610.5
1776298610.755883,30.77990234375,0.0016601562500007105,29.996953821372692,0.005407474298214865,1010.7858673547313,0.00187945826678515,20.53581747332933,0.015678655302524547,188360.0,153.0
1776298612.7803304,30.79796875,0.0050781250000007105,29.97633553947365,0.005104698345856917,1010.794861618901,0.007547166203210054,20.460786744207752,0.0629588679694244,188513.5,204.5
1776298614.7923048,30.8094921875,0.0023437499999996447,29.952364160874055,0.002983604172269949,1010.7973729918087,0.0021393585014948258,20.43983658186567,0.017846608228419214,188667.0,256.0
1776298616.8003304,30.792109375,0.00019531250000071054,29.97304080381393,0.00831306965384826,1010.794754064442,0.0020708948408696415,20.461683793364784,0.017275518067725315,187953.5,355.5
1776298618.8512816,30.77990234375,0.0071289062499992895,30.010841240318555,0.01881113808668644,1010.7980961380225,0.0012807700315988768,20.43380406117526,0.010684225073351428,187750.0,152.0
1776298620.8868663,30.76583984375,0.0020507812500003553,30.115178798154496,0.04150834375714574,1010.7957403099322,0.002713529935704173,20.453456493050957,0.02263639730482936,184757.5,3347.5
1776298622.9201891,30.77248046875,0.0022460937499992895,30.260367809160982,0.03636827075757765,1010.8076259187037,0.0019777243036855907,20.354306633186695,0.016498114235671935,184448.0,3963.0
1776298624.932827,30.7536328125,0.009765625,30.397854044198326,0.029758032600922135,1010.8069418602653,0.0013458687288903093,20.36001302181451,0.011227200959879724,184327.0,3473.0
1776298626.9589405,30.728046874999997,0.005468750000000355,30.49584097267236,0.019014529906245414,1010.8116770333327,0.004032038024433859,20.320512457840266,0.033635025842063015,180761.5,92.5
1776298629.0053594,30.6909375,0.0066406249999992895,30.564971069740142,0.00776615671977865,1010.8130185133795,0.0003406109977959204,20.309321861675155,0.002841354007987462,188260.5,662.5
1776298631.0290573,30.68009765625,0.006738281249999645,30.59745242818122,0.02012247348888785,1010.7950408719394,0.014152265004724995,20.459291884676652,0.1180589418597151,183928.0,4177.0
1776298633.04126,30.690058593750003,0.0010742187500003553,30.65690973024077,0.005675306692150883,1010.75653846055,0.006952259080208023,20.780485478809794,0.05799790110273584,188207.5,305.5
1776298635.052735,30.70158203125,0.0012695312500010658,30.680264084703474,0.005693983789329948,1010.7372196915699,0.003135024836467437,20.941649758708355,0.026153754092959502,181039.0,0.0
1776298637.1164567,30.653828124999997,0.019140625000000355,30.684330303311047,0.00664441988789477,1010.7182873798388,0.004669643466513662,21.099592656030566,0.03895680755836928,188667.5,460.5
1776298639.103121,30.5911328125,0.0048828125,30.65358349792075,0.011594206869547818,1010.7295832401751,0.0032537984672558196,21.005356587588103,0.027144781947265884,188513.0,102.0
1776298641.166008,30.5766796875,0.00390625,30.590946029393017,0.005925737941332443,1010.7405411288785,0.0013801531816284296,20.913940880286965,0.011513813369520065,189028.0,719.0
1776298643.147931,30.56232421875,0.0041992187499992895,30.53392138534671,0.0170942500046678,1010.7429275302861,0.0008524680343384716,20.894032539699325,0.007111630229870158,188615.5,102.5
1776298645.2120514,30.54630859375,0.00732421875,30.462847395615334,0.01457963196218337,1010.7434323507098,0.0018225960558879706,20.88982113478489,0.015204821110526012,188820.5,307.5
1776298647.2272093,30.524140625,0.0035156250000003553,30.444155862095236,0.0030987533375181897,1010.7442092717587,0.0014655815864443866,20.883339748521614,0.012226456820568998,188923.0,205.0
1776298649.227163,30.494257812500003,0.016015624999999645,30.43313214398303,0.00699945235860433,1010.7374251707078,0.005611095840663438,20.939935633998143,0.04681021819874687,188666.5,153.5
1776298651.291011,30.417988281249997,0.020410156249999645,30.42910097543385,0.000960499368712675,1010.7296442282927,0.002429672406719874,21.004847779170515,0.020269517341102272,189592.5,361.5
1776298653.275882,30.3516796875,0.01191406250000071,30.48442111971898,0.012855964750855264,1010.7217796555826,0.0020575794343926646,21.070458098124316,0.01716544365215711,189231.0,103.0
1776298655.3387985,30.3044140625,0.016015624999999645,30.52753000171456,0.009706034390157825,1010.7201777881507,0.0022329046312847822,21.08382175616802,0.018628125446001675,189231.0,206.0
1776298657.3586423,30.245624999999997,0.016015624999999645,30.541762415061868,0.006921120082923338,1010.7282485274998,0.0031010236589850138,21.01649141775583,0.025870287262065972,189699.0,776.0
1776298659.3757498,30.19025390625,0.01142578125000071,30.55908543138167,0.0017622199701357033,1010.731501708065,0.0011130106148016239,20.98935176900516,0.009285265917528207,190684.0,209.0
1776298661.3927073,30.1466015625,0.01054687499999929,30.557963882479886,0.0009436524770158883,1010.7402244921068,0.003441655951746725,20.91658242982356,0.02871173641724667,190840.5,52.5
1776298663.4213347,30.102167968750003,0.013769531250000355,30.570695820966954,0.004337184889436685,1010.737169898587,0.002781274134576961,20.942065146655885,0.023202611298005493,190683.0,0.0
1776298665.4506967,30.07111328125,0.002832031250001421,30.62640372003156,0.024815929447727925,1010.7283894739596,0.0012097565806357125,21.015315544859874,0.010092392113429938,189799.0,155.0
1776298667.4634907,30.067890624999997,0.00039062499999964473,30.67904702232565,3.5047432941581746e-05,1010.7378744490804,0.003714419438722416,20.936187498679182,0.030987302083170576,191264.0,894.0
1776298669.4955976,30.06017578125,0.0036132812500007105,30.706222366892227,0.01082351934244663,1010.7547369549927,0.007091245096887633,20.795514214171323,0.059157450928690736,189954.5,103.5
1776298671.537037,30.04962890625,0.00029296874999928946,30.783331180163252,0.022333537417262406,1010.777368899395,0.00484881258336145,20.606712865474172,0.04044962318306844,189541.0,310.0
1776298673.5712512,30.049140625,0.003320312500001421,30.86975182330049,0.013650782765489922,1010.7887736890993,0.0005968830790266111,20.511572518034086,0.004979255156252194,189437.5,309.5
1776298675.583324,30.04904296875,0.0012695312500010658,30.95905551043879,0.03640736197522543,1010.794719247802,0.003852084469770034,20.461974270935652,0.03213430030011466,189491.0,671.0
1776298677.643415,30.07189453125,0.0051757812499992895,31.078424088876872,0.01444008093035265,1010.8003620932001,0.001007898157240561,20.414901404781162,0.008407903801156635,189437.0,103.0
1776298679.651524,30.1005078125,0.013476562500001066,31.195634294645323,0.029191434387186632,1010.7981134187114,0.0014238646102171515,20.433659906403406,0.01187792451999492,188975.5,564.5
1776298681.674053,30.14728515625,0.010644531250001421,31.289417392817864,0.028956636218754994,1010.7972082114219,0.0032787150503281737,20.441211206698114,0.027351166566218055,187902.0,203.0
1776298683.7185636,30.1774609375,0.004101562499998934,31.36495361853342,0.011575574731972793,1010.7923067324458,0.002793211036419052,20.482099602530692,0.023301164969581123,188770.5,563.5
1776298685.744116,30.19396484375,0.00634765625,31.422478320661074,0.01178667766395236,1010.7900220985578,0.0008118162318737632,20.501158174357244,0.00677224109344543,188616.0,307.0
1776298687.7767086,30.20294921875,0.0012695312499992895,31.45131692331684,0.00011641047456656395,1010.7839857277247,0.0012339248217472232,20.551514225623023,0.01029355716876168,189282.5,257.5
1776298689.7931683,30.19494140625,0.00048828125,31.4281702895051,0.011250302393374767,1010.7672068448298,0.008664630784267047,20.691486978593893,0.07228241911181499,189643.5,103.5
1776298691.8240569,30.195234375,0.00390625,31.3749813296523,0.019960121312882606,1010.7502387748012,0.0038637077191197022,20.833039431808995,0.03223241056830162,189853.0,622.0
1776298693.8475635,30.1825390625,0.004101562499998934,31.25625613125297,0.031152822193991625,1010.7387724783,0.005060571812009584,20.928695790610625,0.04221746015087113,190321.0,677.0
1776298695.851766,30.188593750000003,0.007421875000000355,31.14213027421061,0.032876296632366575,1010.7287471430524,0.000775167795040943,21.012331688636536,0.006466834095023799,190580.5,522.5
1776298697.8860877,30.21701171875,0.006542968749998934,31.058057525564255,0.013378671276658594,1010.7357562669372,0.004747475269994084,20.9538583393634,0.03960557023240874,190477.5,730.5
1776298699.9185848,30.2440625,0.005273437499999645,30.990662051030363,0.005108930414991164,1010.7387482202305,0.0008949021175794769,20.92889807893191,0.0074656573651186164,188877.0,1077.0
1776298701.9463437,30.277363281249997,0.010644531249999645,31.113862786882578,0.05408889920871296,1010.7477428391201,0.0054417605835510585,20.8538614762005,0.04539717411837785,178481.5,180.5
1776298703.9612305,30.3096875,0.0076171874999992895,31.332259823642723,0.06230022105842359,1010.7655876371755,0.0012908201939012542,20.70499455898355,0.010768344272262809,177943.0,358.0
1776298706.0024002,30.343281249999997,0.008203124999999645,31.573552496919625,0.04843864626892902,1010.7872816008412,0.006626666847751039,20.52401981252292,0.055280348305892346,175907.5,262.5
1776298708.032575,30.386347656250003,0.012597656249999645,31.765587617143595,0.051723757196029396,1010.8054831713309,0.006059826248701938,20.37218148966066,0.05055096765195266,176437.0,792.0
1776298710.0542126,30.43830078125,0.010839843749998579,31.919350868195682,0.03756287673492409,1010.819215254781,0.0022684047523853224,20.257629207271265,0.01892278576769435,176176.5,1052.5
1776298712.095688,30.48234375,0.009765625,32.03597555480902,0.02624017794563116,1010.8102110442303,0.006500516877395057,20.332741747406736,0.05422699602082304,175471.0,0.0
1776298714.1254466,30.51876953125,0.009472656249998934,32.090043437367015,0.009331866252043852,1010.7981663958574,0.0026229183811778967,20.433217985564227,0.02188046883279604,175562.0,784.0
1776298716.1385794,30.54923828125,0.008105468750001066,32.1126025217267,0.006390315972613081,1010.7902044642542,0.0022726792553839914,20.499636879141384,0.018958883785849423,174952.0,519.0
1776298718.149481,30.57765625,0.00800781250000071,32.126526361467114,0.006382411891376449,1010.7901879369028,0.0006893534342111707,20.49977473604512,0.005750645097581497,175471.0,174.0
1776298720.2104254,30.6114453125,0.0076171874999992895,32.13813901017646,0.0021037556269583035,1010.7842306964784,0.0004653016823112921,20.54947066108445,0.003881604813740225,175037.5,259.5
1776298722.2364676,30.6360546875,0.004296875000001421,32.07003339740339,0.0164929432462948,1010.788368967241,0.002760025642430719,20.514948770902713,0.02302440268262096,175474.0,696.0
1776298724.2605367,30.66251953125,0.007714843749999645,32.01338449894155,0.018983614121321324,1010.8016952578714,0.0023150786512360355,20.403780142566234,0.01931240538965362,175125.0,520.0
1776298726.2686234,30.677265625,0.0048828125,31.94721761891092,0.013613211080921062,1010.7964577409465,0.0006355699428013395,20.447471627471305,0.0053019520003800835,174779.0,518.0
1776298728.3097887,30.705390625,0.0078125,31.896385385250042,0.010524061359030057,1010.7994326340815,0.0007288734439043765,20.422654970039154,0.006080279359411023,174779.0,518.0
1776298730.333593,30.7376171875,0.0078125,31.857196184406835,0.01333462113421291,1010.8284219586048,0.012956252484570996,20.180828711991033,0.10807885224752489,172730.5,337.5
1776298732.3551242,30.76505859375,0.007519531249998934,31.814756288750104,0.007735998949764067,1010.8756780158494,0.014217502785072611,19.786634303625682,0.11859549829445193,173919.0,171.0
1776298734.3993385,30.78966796875,0.0051757812499992895,31.786117210836863,0.005141658981104413,1010.9426963616913,0.024307133488036925,19.227616137089797,0.2027474103125133,174347.0,86.0
1776298736.3777933,30.813203125,0.0068359375,31.751760659826225,0.013418880993389948,1011.0289005334777,0.02182042987396926,18.508605868761748,0.18199308533910497,174692.0,259.0
1776298738.4214149,30.8391796875,0.0056640624999992895,31.728876011447056,0.00509526898388124,1011.0946977506258,0.012888875890325835,17.959838235472894,0.10749388095913481,174691.5,86.5
1776298740.4581835,30.84875,0.0007812499999992895,31.718522556017042,7.246323253617959e-05,1011.1621134823587,0.015302488806355541,17.397603005216375,0.12761664586605725,174519.5,258.5
1776298742.4875002,30.852265625,0.003124999999998934,31.71884879877063,0.005910354529857997,1011.179301723863,5.8080729900211736e-05,17.254260139477594,0.00048436342669155863,173665.5,767.5
1776298744.5104551,30.8786328125,0.009375000000000355,31.732536825750422,0.0008700551187708072,1011.1819767958343,0.0027962455818055787,17.23195146452109,0.023319200612773372,175037.5,259.5
1776298746.546527,30.91662109375,0.00849609375000071,31.76136417827589,0.014846178001658217,1011.1812085272054,0.001860032058800698,17.238358403599676,0.015511687418097608,173493.0,425.0
1776298748.5732775,30.95236328125,0.00927734375,31.843431466347674,0.014929479577583393,1011.1819506934521,0.000533288988606273,17.232169119346572,0.0044473465579191185,173237.0,0.0
1776298750.5805395,31.00451171875,0.01396484374999929,31.941163689948652,0.023825983014431174,1011.1828083393124,0.004809837902371328,17.22501688772149,0.04011146266722321,172226.0,503.0
1776298752.6402755,31.06115234375,0.01416015625,31.99714234750911,0.006958043442814699,1011.2077073373208,0.007752758738888588,17.017374821700727,0.06465255150919091,171973.5,83.5
1776298754.6532085,31.1173046875,0.01386718750000071,32.05029369474214,0.009753345562959481,1011.2300384088235,0.004642609510881357,16.831150938141036,0.03871540359242509,171726.0,667.0
1776298756.671615,31.1731640625,0.01347656249999929,32.106271337797835,0.03227657602513645,1011.2396368037635,0.0031179372709289055,16.751108778985405,0.02600073769076694,170321.0,738.0
1776298758.705212,31.2196484375,0.010351562500000355,32.212173730271815,0.032010625767867396,1011.2511601655008,0.0005562399736049883,16.65501492091451,0.004638488510439132,170073.5,490.5
1776298760.7238488,31.2645703125,0.010937499999998934,32.34343800184742,0.0349233911851492,1011.2356080895069,0.0028453755160171568,16.784704610313874,0.023727899135581154,170072.5,163.5
1776298762.7524562,31.311542968749997,0.012792968750000355,32.41285121410935,0.004037640224328953,1011.2181993702875,0.0023947117749685276,16.92987883703179,0.019970043036540375,169421.5,324.5
1776298764.8131702,31.36359375,0.014257812499998579,32.406479791233494,0.00712640239993334,1011.2205623583461,0.003527670014307205,16.910173386283205,0.029417982342318183,169502.0,244.0
1776298766.826614,31.4118359375,0.012304687500000355,32.37996877873713,0.021438901826996926,1011.2043588862409,0.010205393934313634,17.0452987315649,0.08510603106921266,169827.5,81.5
1776298768.8561623,31.4567578125,0.009960937499998934,32.336191707514224,0.007532150882546773,1011.1738951457066,0.008847503252980005,17.299348580658705,0.07378394793329335,168292.0,160.0
1776298770.8757892,31.50177734375,0.01240234375000071,32.29525577442121,0.007300365031692735,1011.1601947776351,0.001317361219491886,17.413603472611022,0.010986283385205908,168935.5,161.5
1776298772.901829,31.563203125,0.016406250000001066,32.38019967514187,0.06656120329057558,1011.1605547442258,0.0025449956895045034,17.41060150664215,0.021224274241415486,167264.0,1028.0
1776298774.927817,31.6219921875,0.011914062499998934,32.73954122685146,0.08614142004814695,1011.146033218743,0.004746375451873064,17.531706139127614,0.039583385578552566,166002.5,389.5
1776298776.9602225,31.662226562500003,0.007421875000000355,33.012807388173705,0.03761840672640915,1011.1436079400019,0.0009275802209458561,17.55193220306685,0.007735763261262463,166159.5,546.5
1776298778.983389,31.69474609375,0.009082031250001066,33.08976766354499,0.003717853434235252,1011.1485101420465,0.00017855343236305996,17.511049267278025,0.0014890805443119604,166002.0,78.0
1776298781.0216572,31.724140624999997,0.005273437499999645,33.098289381931416,0.003350354765110808,1011.1718491172392,0.006988455322243681,17.316411395733432,0.058280472319610865,165849.0,700.0
1776298783.0536659,31.7419140625,0.006249999999999645,33.07160356749172,0.013597063532149178,1011.20392386136,0.005982264803151338,17.04892631501641,0.04988802929380043,165303.5,154.5
1776298785.0636504,31.77228515625,0.00908203124999929,33.04613652358626,0.0019627977863052593,1011.2227547778268,0.003675759415216362,16.891890358637873,0.030652877198933837,165615.5,620.5
1776298787.1018622,31.81271484375,0.011425781249998934,33.02732222268449,0.007415971369599816,1011.2363774797057,0.0031834371945933526,16.77828858967011,0.026547016271337043,165226.5,77.5
1776298789.126663,31.8622265625,0.012109374999999645,33.046304918166555,0.006850754472548459,1011.2414181125689,0.004435783800033732,16.73625434083696,0.03699031652046969,164688.5,153.5
1776298791.1437645,31.905,0.008593750000001066,33.13284256596681,0.03209612844925758,1011.2274101964975,0.0006378939817750506,16.853067939767776,0.005319502935497766,163925.5,303.5
1776298793.188804,31.94396484375,0.01142578125000071,33.28449851707758,0.043788930687732375,1011.2377098691733,0.004052363634059475,16.767177681234173,0.0337930488272864,163471.0,302.0
1776298795.1956434,31.96466796875,0.0026367187500007105,33.43739041677608,0.05152378571139593,1011.2475053558544,0.00349295242909875,16.685492484989677,0.02912783670509711,163245.5,527.5
1776298797.228346,31.976875,0.003320312500001421,33.55254444206499,0.00032515850663372703,1011.255476253799,0.0006253155864897053,16.619023096914134,0.005214492444741481,163170.0,452.0
1776298799.243769,31.9883984375,0.0068359375,33.459645094671,0.04775933352444639,1011.2491873518653,0.002677767260706787,16.67146626167112,0.02232995267908322,163394.5,75.5
1776298801.25342,32.021796875,0.009960937499997158,33.30345075739463,0.036027310676505664,1011.2406271684695,0.00162235341935002,16.74285002510868,0.01352892908935921,163320.0,302.0
1776298803.2945127,32.046796875,0.0031250000000007105,33.260350464969136,0.0025412956995296554,1011.2514077948862,0.0034260405288932816,16.652949976330444,0.02856976706063108,163849.0,76.0
1776298805.3067958,32.0360546875,0.002539062499998579,33.10860400092898,0.07414762748542003,1011.2502423962825,0.0015803441709749677,16.662668214103,0.013178509301269514,164765.5,383.5
1776298807.3551958,32.0309765625,0.00019531250000071054,32.741902119638105,0.09355273414382026,1011.2374546625829,0.003177203615734925,16.769305852551497,0.02649501095413953,165227.5,385.5
1776298809.379358,32.038203124999995,0.0017578124999992895,32.382903041243814,0.084697403317044,1011.24154854892,0.0020365629216030356,16.735166571045035,0.016983041241839913,165848.0,544.0
1776298811.3874934,32.04171875,0.0005859374999985789,32.09778503419001,0.06499566524211886,1011.2351192983987,0.003596168422291157,16.78878071002636,0.029988855430099548,166632.0,863.0
1776298813.4319232,32.05353515625,0.005175781250002842,31.83090061595972,0.0671596365799747,1011.2205592139711,0.00017895839539505687,16.910199566444902,0.001492371709462148,166863.5,157.5
1776298815.440904,32.074921875,0.004492187499998579,31.601945526975122,0.0502394361587104,1011.2218499293002,0.0013139910641939423,16.899436030990273,0.010957636604201682,166627.5,235.5
1776298817.4764311,32.0878125,0.001367187500001421,31.40907522674413,0.042034868718335616,1011.2265716238096,0.005765567552941775,16.860061047446457,0.048080049347579035,167337.0,158.0
1776298819.5229733,32.08966796875,9.765624999857891e-05,31.249117642536753,0.0392997828251751,1011.2664059323038,0.012415439462131417,16.52788166871448,0.10353116107052784,167733.5,79.5
1776298821.5458906,32.101582031250004,0.0020507812500021316,31.160389049749533,0.011035662877395325,1011.2931427145165,0.010399195188995236,16.304928434370957,0.0867160367266937,167734.5,397.5
1776298823.579616,32.1028515625,0.00019531249999715783,31.095977846845322,0.002822915626223832,1011.3250051559045,0.010179861038864146,16.03923964771371,0.08488490391379866,166942.5,236.5
1776298825.612792,32.11603515625,0.007128906250002842,31.077556859984206,0.006264844105970724,1011.3302125671637,0.003071422292123316,15.995817357166866,0.025610988024878267,167337.5,316.5
1776298827.6403034,32.135761718750004,0.0036132812500007105,31.096200513959538,0.0052777989581898055,1011.3480083674258,0.007735837349287067,15.847428688841244,0.06450419255532491,167972.5,159.5
1776298829.6504703,32.149042968749995,0.0036132812500007105,31.038525162122326,0.013688562564331264,1011.3595037876597,0.006269684424296429,15.751576115310753,0.0522784013024733,168055.5,718.5
1776298831.663626,32.15890625,0.0031250000000007105,30.95533242664512,0.030541952697399566,1011.3522070068066,0.0027019761639053286,15.812418807896506,0.02252997277643143,167972.0,0.0
1776298833.6993804,32.1692578125,0.002539062499998579,30.85262003044022,0.03337622653750927,1011.3597243204533,0.0077071712982501595,15.749737317753507,0.06426456191749086,167813.5,318.5
1776298835.7339382,32.177265625000004,0.0027343749999992895,30.730169203985703,0.02773504566043883,1011.3519791251003,0.012978544022359984,15.814319499137069,0.10821942131257956,168374.0,561.0
1776298837.7943904,32.185175781249995,0.002832031249997868,30.618992442484124,0.022113564327543855,1011.324813168831,0.004063223699517948,16.040840243740764,0.0338812489684166,168452.5,160.5
1776298839.8089247,32.185078125000004,0.0013671874999978684,30.543499755361424,0.0029188783582139166,1011.324651445593,0.002987878109877329,16.042188750052322,0.024914467607100477,168533.5,401.5
1776298841.8196409,32.19181640625,0.001855468750001421,30.53572596635789,0.0001681925018424124,1011.3515693195667,0.009182361350895007,15.817736313877845,0.0765656113664237,168292.5,320.5
1776298843.8499088,32.19044921875,0.00244140625,30.52442331464386,0.005367950042236558,1011.3834455074211,0.010171724645090308,15.55194541447802,0.0848130901691393,169099.0,647.0
1776298845.8616312,32.191523437499995,0.0025390625000021316,30.482608119628836,0.01373920590660127,1011.4044836589476,0.0019220785404741036,15.376527865780293,0.016026257161247948,169583.0,163.0
1776298847.897444,32.19796875,0.00390625,30.449668567745675,0.002439950268566804,1011.4230385463967,0.0064704471623144855,15.22181881609924,0.05394967356753,169100.5,808.5
1776298849.9388165,32.203828125,0.0021484375000007105,30.405513361056684,0.008183157832656107,1011.4301179521199,0.0009324813885314143,15.162791762593418,0.007774853909022106,169421.5,324.5
1776298851.960749,32.210468750000004,0.0007812499999992895,30.353065955869116,7.047000466897657e-05,1011.4419931680875,0.006546676133950768,15.063779062849804,0.05458443167967797,169339.0,81.0
1776298853.9919312,32.218867187499995,0.0037109374999992895,30.311957068733484,0.008037765634121286,1011.4664099995866,0.006147025449251942,14.860200036039608,0.05125124955214044,168774.0,161.0
1776298856.02731,32.25021484375,0.01103515624999929,30.362236779560632,0.01774688520100476,1011.4465462844828,0.009737212917968918,15.025816640747822,0.08118597668791772,168215.0,720.0
1776298858.0530205,32.298457031249995,0.01298828124999929,30.391722246850158,0.009551422998237413,1011.4152589120706,0.009132702247143243,15.286684647764572,0.07614765429457826,167896.0,717.0
1776298860.0601513,32.35080078125,0.01318359375,30.429972551347586,0.009573738612807858,1011.3916247586512,0.0018085949230339793,15.483745701394502,0.01508018799079558,167337.5,316.5
1776298862.105223,32.40802734375,0.014550781250001421,30.465889559761003,0.012496807253114639,1011.3821897669354,0.0030787023781613243,15.562415624545887,0.025670624602195602,167497.5,634.5
1776298864.1365058,32.46505859375,0.01318359375,30.538156511377508,0.02916023200601181,1011.391681815931,0.001687329204685284,15.483269952495977,0.014069065507056777,166080.0,156.0
1776298866.155996,32.5175,0.01289062500000071,30.668822948757665,0.02636668294661959,1011.397064532845,0.005578551620999406,15.43838868435498,0.04651414185107594,165847.0,389.0
1776298868.1540277,32.56857421875,0.01298828124999929,30.785500318668696,0.032005086093057855,1011.4238215221437,0.007490038134335464,15.215290524580563,0.062450839785884504,164918.5,230.5
1776298870.2157707,32.62248046875,0.01298828124999929,30.905354158863844,0.023625197081910798,1011.4447477422009,0.0022320018747450376,15.040812060786696,0.01860979261824891,164614.5,689.5
1776298872.2280552,32.67521484375,0.01318359375,30.963489554742644,0.009629220155504825,1011.4549637056712,0.002552619303003212,14.95563463558757,0.021282834886450885,163773.5,303.5
1776298874.2649462,32.726191406249995,0.01240234375000071,31.015887680399928,0.017983219439079434,1011.4622586951808,0.0022478847334923557,14.894811771726037,0.018741956619225952,164077.5,304.5
1776298876.270751,32.776386718750004,0.01240234375000071,31.082282726649566,0.017994736454026494,1011.4603641401517,0.0013747323981760928,14.910607809147194,0.011461981864207438,162645.5,523.5
1776298878.310039,32.8251171875,0.012109375000001421,31.17668614756923,0.02360359715085636,1011.435879344497,0.0018629645707051168,15.114754479282137,0.015532975505604618,162719.0,299.0
1776298880.3189075,32.8743359375,0.012109375000001421,31.27402386087808,0.020811271932066333,1011.4314673443421,0.001639383551435003,15.151540796948147,0.013668856020983888,162345.5,74.5
1776298882.3514807,32.923847656250004,0.012597656249997868,31.323632144099403,0.003985672176856525,1011.4284047560564,0.001937104796127187,15.177076087598762,0.016151236514390988,161825.0,148.0
1776298884.3690286,32.976875,0.013476562500002842,31.359523578278704,0.006884524117868551,1011.4451720150478,0.005649730995344271,15.037274685755118,0.04710582354258719,160868.5,219.5
1776298886.434227,33.0298046875,0.0126953125,31.358826045957453,0.01007590353877319,1011.4600143537532,0.0017812754559258792,14.91352419622412,0.014851583270027113,161163.0,514.0
1776298888.4513762,33.08029296875,0.01240234375000071,31.36634735859449,0.007289064961055303,1011.457657680064,0.0005159594500128151,14.933173235433667,0.004301877716339497,160795.5,146.5
1776298890.4933805,33.13126953125,0.01298828124999929,31.382365291553754,0.01529064649148637,1011.4745069633661,0.004834286652737774,14.792691211560701,0.04030593784750636,159995.5,72.5
1776298892.5237486,33.18537109375,0.01416015625,31.429662253752685,0.012591078748659612,1011.4903802064434,0.001510312983782569,14.66034857853861,0.012592097265613056,160431.5,363.5
1776298894.5038233,33.23693359375,0.01220703125,31.459839749631662,0.009595431253861975,1011.4985349934407,0.0017831430595833808,14.592359007848014,0.014866696185364958,159851.0,72.0
1776298896.5295048,33.285859375,0.01191406250000071,31.509515432034547,0.015211279463450467,1011.4979323697717,0.0004189989899145985,14.597383286321278,0.0034933448873699646,159062.0,572.0
1776298898.5686917,33.33283203125,0.011425781249997158,31.59288063577846,0.026460251492537168,1011.488826145081,0.003022231099748751,14.673305454865105,0.025197608525946436,158988.5,71.5
1776298900.6318114,33.380488281249995,0.011621093749997868,31.690483184790235,0.023677651915917863,1011.4852244338031,0.0008060848275022181,14.703334447709734,0.006720686739244641,158348.5,141.5
1776298902.6439981,33.42873046875,0.01220703125,31.74867917520313,0.020921561144104928,1011.5018764523893,0.005281338371275979,14.56450019907374,0.044032273560366875,157503.5,420.5
1776298904.6508486,33.47697265625,0.011816406249998579,31.770180489355923,0.003941282763056719,1011.4965919544242,0.0015070393922087533,14.608558822911554,0.012564741518698241,157855.0,493.0
1776298906.7104716,33.522480468750004,0.01142578125000071,31.81121310552529,0.01238436428140055,1011.485019541858,0.0012786503180564068,14.705042726164473,0.0106606765897439,156807.0,695.0
1776298908.7120976,33.5591015625,0.0087890625,31.851421440793693,0.007647715741967431,1011.4613713981946,0.00739599915590361,14.902209864578545,0.0616649028858367,156877.5,765.5
1776298910.7234094,33.58390625,0.002539062499998579,31.608053097112318,0.09007625394569096,1011.4365973176702,0.006328487273947303,15.108768305816774,0.05276545934737609,158490.0,142.0
1776298912.760629,33.58087890625,0.002636718749997158,31.151265450010484,0.11842321881585605,1011.4254502666172,2.6111238696557848e-05,15.201710113588152,0.00021771139702853048,160140.5,217.5
1776298914.7733195,33.5778515625,0.0007812499999992895,30.67342115899889,0.12909012396309372,1011.4257076745303,0.0030943883982104126,15.199563919123623,0.0258005178126135,161015.5,366.5
1776298916.8276646,33.5735546875,0.003124999999997158,30.19697191639247,0.10652065797852828,1011.4256201538667,0.0025359455959232946,15.200293642013797,0.02114431211478074,161751.0,74.0
1776298918.8160145,33.564765625,0.0009765625,29.824803414887764,0.08078264170216087,1011.4259991358497,0.0036485385112996482,15.197133773799308,0.03042092613182934,162345.5,223.5
1776298920.877731,33.5591015625,0.0068359375,29.55125657042146,0.053492724079880816,1011.4061057426784,0.011304363389001537,15.363003383033806,0.09425546128597961,162345.5,74.5
1776298922.9033868,33.52765625,0.009374999999998579,29.39267697900018,0.02585193633911942,1011.3751584302898,0.003222557841809248,15.621044000608928,0.026870261600336676,163245.0,377.0
1776298924.917319,33.484003906249995,0.00947265625000071,29.294325851285024,0.02028279029823743,1011.367879735305,0.0018772076685991124,15.681735210516514,0.01565258330323971,163471.0,302.0
1776298926.9285724,33.44533203125,0.00927734375,29.23536592893433,0.009147523218775433,1011.3530429760583,0.008326330641182267,15.805448428580121,0.06942765803628514,163244.0,226.0
1776298928.975202,33.42150390625,0.00341796875,29.20550340032184,0.003076844743038265,1011.3259146541287,0.003898598247019436,16.031655492496547,0.03250848861000044,163621.5,151.5
1776298930.9917862,33.413984375,0.0031250000000007105,29.177084362265624,0.008601240843388425,1011.2959379939297,0.008676231629806352,16.281619282310686,0.07234855420426634,163697.5,75.5
1776298933.0214834,33.39533203125,0.003027343749998579,29.1227237566075,0.02246060013709794,1011.2966635396837,0.002009412569009328,16.275568932731822,0.01675589310364778,163925.0,152.0
1776298935.0335562,33.379511718749995,0.005957031250002132,29.051994627736065,0.014386352082981446,1011.2722535939154,0.006343875276968447,16.479118312286992,0.05290072090932796,163775.5,606.5
1776298937.0958807,33.368671875000004,0.0023437499999978684,28.995598757505597,0.01406387436257539,1011.2359100436436,0.004753025485740636,16.782186630281075,0.03963599230032422,163925.0,152.0
1776298939.0820436,33.36544921875,0.00048828125,28.967601890356775,0.013898854932284266,1011.2095331758221,0.0016844635227357685,17.002148433550268,0.014047219721410542,164458.5,76.5
1776298941.1114395,33.367695312500004,0.0011718750000007105,28.937317714613314,0.016521761178738714,1011.2106167184736,0.0015699136933449154,16.993112466315516,0.01309194480350584,164458.5,76.5
1776298943.1468198,33.3690625,0.0005859374999985789,28.912502162839516,0.002821311827743145,1011.1988461050456,0.006230826979958692,17.091271453472118,0.05196108045807257,164077.0,152.0
1776298945.1579266,33.375703125,0.0031250000000007105,28.924163081831153,0.008584059610116768,1011.187026256526,9.412118589580133e-05,17.18984170760897,0.0007849174458005592,164153.0,76.0
1776298947.1914842,33.38166015625,0.00029296875000284217,28.921912168245044,0.005515349300450723,1011.1793375413797,0.0022384545416116453,17.25396145652748,0.018667559519389698,163774.0,455.0
1776298949.2098024,33.390156250000004,0.0050781250000007105,28.91434206405981,0.0023273688782534663,1011.1811091558411,0.0003725805377712277,17.239187097369502,0.003107125638818431,163395.5,377.5
1776298951.27717,33.403437499999995,0.0007812499999992895,28.912730408102057,0.005608950119045275,1011.1986867191797,0.003922978484467876,17.092600550696353,0.0327151158819774,164154.0,381.0
1776298953.2905056,33.411640625,0.00390625,28.97718074587253,0.008656451509660101,1011.2034814835861,0.0014337462636149212,17.05261533351297,0.01195647522974852,162943.0,75.0
1776298955.2956898,33.422480468749995,0.0008789062499978684,29.008620835544278,0.011166224348230003,1011.1915871989427,0.0029318700405269738,17.151806126093355,0.0244500482919765,162793.5,224.5
1776298957.3604617,33.429218750000004,0.004296874999997868,29.02029990534357,0.0003760911688122093,1011.1957131748063,0.0009659035011964079,17.117397978362824,0.008055032761513203,163244.0,75.0
1776298959.3413565,33.447773437500004,0.0027343749999992895,29.016378870298915,0.005784564115273838,1011.2053453112646,0.0036444078735371477,17.037072318916678,0.030391854221406334,162420.0,149.0
1776298961.4004767,33.45919921875,0.0022460937499992895,29.131111810148223,0.04736999472397585,1011.2242387196566,0.004591191926124338,16.879515509893512,0.03828680259002226,162494.5,74.5
1776298963.426323,33.474140625000004,0.006445312500002132,29.315686267047205,0.0422461100518543,1011.2357887409546,0.00013235951536216817,16.783198111176766,0.0011037603869006318,160868.5,219.5
1776298965.4341233,33.50333984375,0.00830078125,29.423886494192217,0.009077462076374943,1011.244599773268,0.0005681876058929447,16.70972221521574,0.004738144777165942,161089.5,440.5
1776298967.450877,33.53556640625,0.0075195312500007105,29.471243032550337,0.0034489998130347033,1011.2408694511507,0.00015239169829328603,16.74082960280854,0.0012708057671328987,160795.5,146.5
1776298969.47321,33.56974609375,0.00908203124999929,29.48540574443717,0.014717436759941194,1011.2456267626883,0.005366443983632507,16.70115819782054,0.044751007162624035,160358.5,290.5
1776298971.531562,33.6087109375,0.010351562499998579,29.533391675428604,0.0037039336041502224,1011.2503948549282,0.0013088162144185844,16.661396857057976,0.010914233028806564,159635.0,288.0
1776298973.5687218,33.646601562499995,0.00898437500000071,29.556248371395,0.0007997255862566277,1011.2147774139219,0.01234492646989338,16.95841583377505,0.10294741562938547,160140.5,72.5
1776298975.576344,33.687128906249995,0.010839843750002132,29.545935872999813,0.007387129767362666,1011.1826306329458,0.008403184998712732,17.226499021930127,0.07007805589105942,160140.5,72.5
1776298977.5969586,33.728828125,0.010546875000002842,29.558001261011434,0.0009393381085924801,1011.1102914537062,0.023807907494244773,17.829788108128852,0.19855668081788558,159133.0,358.0
1776298979.615464,33.771992187500004,0.01191406250000071,29.609196645521756,0.020562500696273744,1011.0078884301363,0.02681874117706684,18.683859401035313,0.22368521682511222,157926.0,564.0
1776298981.6259696,33.81876953125,0.01103515624999929,29.70812700556683,0.0316531822197863,1010.8649231022937,0.04670675569764171,19.876353564584747,0.3896084122819321,157083.0,279.0
1776298983.6645591,33.862421874999995,0.009179687499997868,29.876629459333138,0.05106747758560637,1010.68341667701,0.045391767880801126,21.39051466267577,0.37869438636714214,156319.5,207.5
1776298985.6966276,33.89396484375,0.008886718749998579,30.08059181721545,0.06229940301176207,1010.4976772880377,0.043248448547103635,22.940215684226477,0.3608668035637237,155564.0,410.0
1776298987.7175379,33.9305859375,0.009765625,30.307710832459808,0.051284596585851716,1010.3589205501505,0.026881808619350522,24.098068048613158,0.22432784013668083,154815.5,474.5
1776298989.7797909,33.9719921875,0.009374999999998579,30.544075249167904,0.07097000432302458,1010.2859747377022,0.014365003433397305,24.706814606576103,0.11988250614343876,154207.0,269.0
1776298991.7934434,34.0114453125,0.00898437500000071,30.786271431631086,0.04015816212539569,1010.2484111195276,0.005357100294929751,25.02030425941865,0.04470879155277707,153205.0,199.0
1776298993.826856,34.05392578125,0.011621093750001421,30.975741967210478,0.057338364686049914,1010.202665008929,0.01680871812487794,25.402095761204137,0.1402857867581222,152085.5,261.5
1776298995.8491704,34.0915234375,0.0076171874999992895,31.218547809614932,0.0542489392323251,1010.1567471547464,0.012008499522437432,25.785333377433837,0.10022678674212848,152216.0,0.0
1776298997.8476973,34.10626953125,0.00244140625,31.35241494463871,0.027974226806479763,1010.1292896106231,0.0038717378416777137,26.014504932810368,0.03231547646945465,152676.5,329.5
1776298999.916372,34.11291015625,0.00048828125,31.009394462185504,0.12376721289907522,1010.1077665328003,0.009729338185366032,26.19414921017509,0.08120736384514693,154883.0,407.0
1776299001.92634,34.10275390625,0.0045898437500007105,30.44395378766194,0.14338451139720654,1010.0997830028372,0.002959574081046412,26.260784852672607,0.024702682003825416,155494.5,68.5
1776299003.9485552,34.086640625,0.0041015625000007105,29.935955302299924,0.11211169852579239,1010.0995253167284,0.0032581218560494563,26.26293568818663,0.02719457684247928,156319.5,345.5
1776299005.9536152,34.07736328125,9.765624999857891e-05,29.541736886018903,0.0696418030833943,1010.0736782286,0.0033503693349530295,26.478675904115942,0.02796511860434947,156874.5,347.5
1776299007.9883423,34.06388671875,0.0061523437499992895,29.248323328821414,0.10063766945222063,1010.0733818658509,0.0022537900732118032,26.481149587073162,0.018812111554460387,159710.5,793.5
1776299010.0033844,33.9938671875,0.01738281249999929,28.75096104080601,0.14281118179499508,1010.0622686294407,0.0023597181095169617,26.573910834226965,0.019696455456928774,162197.5,520.5
1776299012.0248768,33.9555859375,0.00390625,28.316055697567247,0.07490984105632847,1010.0517440221115,0.004692651224843303,26.661759659468263,0.03916966830154678,162421.5,596.5
1776299014.0697556,33.93771484375,0.00439453125,28.2565135539322,0.0272303479866558,1010.0336541593233,0.006376444764725875,26.812757319745156,0.05322510377204992,161751.0,74.0
1776299016.0768006,33.92677734375,0.00341796875,28.332892146910524,0.0002940565512510318,1010.0182324737541,0.00213136744247322,26.941485027497478,0.017791051279248293,161162.5,367.5
1776299018.1205595,33.919550781249995,0.002832031249997868,28.30741390295428,0.008528349702039861,1010.0150802137389,0.001164216013648911,26.967797744203715,0.00971802361570262,161456.5,368.5
1776299020.1336367,33.89572265625,0.009667968750001421,28.2777534807444,0.0019307101499901336,1010.0082191608658,0.0007156535406238618,27.02506894916992,0.005973785089215866,162718.5,149.5
1776299022.1947925,33.867304687499995,0.007421875000002132,28.26979302269693,0.014440212216110027,1010.0051882553345,0.0009118946387616234,27.0503689022959,0.0076118897244707995,162573.5,896.5
1776299024.1873198,33.8450390625,0.006445312499998579,28.229241288535977,0.019870595986670736,1010.000902168784,0.00010939665713749491,27.086146359838,0.0009131736446441607,163621.5,151.5
1776299026.249881,33.82404296875,0.005175781250002842,28.064730554428436,0.061083496310191165,1009.9951998104634,0.002401824388869045,27.13374614471177,0.02004899251306469,163470.5,151.5
1776299028.2894514,33.8059765625,0.007226562500001421,27.840097608996928,0.05290092073249042,1009.99520988685,0.001232300075173498,27.133662018844063,0.010286503416297776,164995.5,153.5
1776299030.3026018,33.775703125,0.008203125000001421,27.617554905060366,0.04739908298223661,1009.9961247557308,0.0013739068340896665,27.126025245073553,0.011468543464648207,164918.5,230.5
1776299032.3081138,33.74552734375,0.010839843749998579,27.46673121072552,0.031097044183498568,1009.9998288795942,0.00034837576743029786,27.095105498895084,0.0029080216121961655,165850.5,855.5
1776299034.3226492,33.71798828125,0.004785156250001421,27.426008131797566,0.018805220632332365,1010.0034953608597,0.0008816242286115994,27.06450006842804,0.007359222469331073,165691.0,78.0
1776299036.3847935,33.6940625,0.0046874999999992895,27.481631945684818,0.016074813081393913,1009.9929445326103,0.005107646912733799,27.152571939456266,0.04263565659794466,165226.5,77.5
1776299038.3806615,33.65939453125,0.01044921875000071,27.63249981535624,0.048571863332639964,1009.9918513943064,0.0011698919988134548,27.16169674156101,0.009765584443014674,165383.0,541.0
1776299040.442203,33.624531250000004,0.007421875000002132,27.75597958760251,0.0006262680095776574,1009.9851671313505,0.0008509591481242751,27.21749326532259,0.0071033548061514296,165458.0,0.0
1776299042.4755414,33.602265625,0.004492187499998579,27.745853434037556,0.003128000361645178,1009.9896312727006,0.00040009440317589906,27.180229050186053,0.0033397635325727038,166315.0,391.0
1776299044.4996517,33.57736328125,0.00537109375,27.757498877000373,0.01054369736067784,1010.0002650704472,0.0060428543152966085,27.091464574640703,0.050441926357967404,165536.5,387.5
1776299046.5310903,33.5653515625,0.0009765625,27.775730462740018,0.002667063001982939,1009.9962186980551,0.0024899083690002044,27.125241085812952,0.020784247883375073,165614.5,465.5
1776299048.5493693,33.55216796875,0.005957031249998579,27.692164866449097,0.0362229197048638,1009.98409609141,0.0010657607989514872,27.226433742854233,0.008896412488239136,166945.0,709.0
1776299050.5579286,33.5188671875,0.009374999999998579,27.565772297379034,0.022747437029559947,1009.985239407712,0.004957089153151628,27.21689002047504,0.04137914386107866,166863.5,157.5
1776299052.612496,33.4973828125,0.0017578125000028422,27.487128950748616,0.005340122930459046,1009.9541439694514,0.005534320351216593,27.476461456937734,0.04619871460191938,167022.0,473.0
1776299054.623682,33.496113281250004,0.0016601562500007105,27.48702547828679,0.02757426361445603,1009.9292426466025,0.00712718180182037,27.684331780931544,0.059496594099842426,166942.0,79.0
1776299056.6384509,33.478144531249995,0.00849609375000071,27.548641350219345,0.05143634466896785,1009.9118472368733,0.0008747363935981411,27.829546773977956,0.007302263845623713,167416.5,237.5
1776299058.6831717,33.40216796875,0.04189453125000142,27.64383835865339,0.018450368651107496,1009.9126581083078,0.006928053737283335,27.822777812476474,0.05783507330361992,168133.5,479.5
1776299060.688737,33.248359375,0.021484375,27.5815318599118,0.012774937085014315,1009.8769509652066,0.005679080321442598,28.120863611614247,0.047410058061332805,170318.0,82.0
1776299062.728201,33.20490234375,0.0012695312500028422,27.586124244545207,0.008337854312010506,1009.8577699255088,0.00385058907710345,28.280991804177436,0.03214595479647642,169096.5,161.5
1776299064.7582905,33.218378906249995,0.004785156249997868,27.581764508860896,0.002343252111639771,1009.8484698937932,0.0026441258856380045,28.358631720257122,0.022074177045251275,168452.0,0.0
1776299066.7855437,33.239765625000004,0.0046874999999992895,27.619231541154996,0.0003929258898747179,1009.8592490732107,0.002482513768654826,28.26864338224169,0.020724797985513632,169258.0,0.0
1776299068.7990594,33.2282421875,0.0017578124999992895,27.604543557490672,0.008380288172569195,1009.8638861593301,0.00027347356871132433,28.229931594939007,0.0022830340229269552,169583.0,0.0
1776299070.835074,33.205390625,0.011132812500001421,27.566959181958218,0.0009314914437066335,1009.8664667434414,0.005239987728145934,28.208388269225047,0.043744796109804085,169341.5,567.5
1776299072.867125,33.17287109375,0.00537109375,27.608137787843816,0.010526538203746938,1009.8530737766268,0.000770421651907327,28.320196790076068,0.006431751702097088,169664.5,81.5
1776299074.8770034,33.13654296875,0.008886718749998579,27.64351440708507,0.010233360984660322,1009.8474112203766,0.005038423203586717,28.367469997303573,0.04206272508744924,169746.0,326.0
1776299076.9083414,33.110859375000004,0.004296874999997868,27.671553167046525,0.007874496891238536,1009.8435508191437,0.0009627213559610936,28.39969810282129,0.008037198828402481,169259.0,324.0
1776299078.9260054,33.0878125,0.010351562499998579,27.710798119951086,0.004621913430659319,1009.8396608545486,0.0021820780261236905,28.432173210813517,0.018216952963292954,169339.0,81.0
1776299080.9837308,33.042500000000004,0.01249999999999929,27.71522984867303,0.0037950492927940616,1009.8454366797994,0.0031229905146687997,28.383954194097385,0.02607198604233396,170483.0,411.0
1776299082.9967086,32.98849609375,0.013769531249998579,27.685993559003506,0.012133149124082365,1009.8394704718578,0.0009115834354247454,28.433762596731924,0.007610303068437574,170236.0,164.0
1776299085.001502,32.9368359375,0.0126953125,27.654221673050614,0.0010632789922606634,1009.8417469078997,0.0008220942934258346,28.414757915222204,0.006863195468353567,170646.5,82.5
1776299087.0300405,32.89181640625,0.006933593749998579,27.70259251447191,0.04607322255796298,1009.8444694484804,6.618411600811669e-05,28.39202900226968,0.0005525321565844621,170894.0,165.0
1776299089.0713537,32.87189453125,0.004589843749997158,27.904140168593138,0.04083529080474868,1009.8509800320028,0.0005749670601176149,28.337676122518758,0.00480003588401523,169748.5,651.5
